MURDER,ATTEMPT TO MURDER,CULPABLE HOMICIDE NOT AMOUNTING TO MURDER,RAPE,KIDNAPPING & ABDUCTION,DACOITY,PREPARATION AND ASSEMBLY FOR DACOITY,ROBBERY,BURGLARY,THEFT,RIOTS,CRIMINAL BREACH OF TRUST,CHEATING,COUNTERFIETING,ARSON,HURT/GREVIOUS HURT,DOWRY DEATHS,ASSAULT ON WOMEN WITH INTENT TO OUTRAGE HER MODESTY,INSULT TO MODESTY OF WOMEN,CRUELTY BY HUSBAND OR HIS RELATIVES,IMPORTATION OF GIRLS FROM FOREIGN COUNTRIES,CAUSING DEATH BY NEGLIGENCE,OTHER IPC CRIMES,
0.671823751,0.474525487,0.132621293,0.551584142,0.452794106,0.057219827,0.020233435,0.092505066,0.271789915,0.192466725,0.236764112,0.134441154,0.439137138,0.413273989,0.215278503,2,0.780325604,0.594305987,0.553645142,0.549288164,0.080570481,0.69720291,0.239640695,Safe
1.33727125,0.898377165,0.162498475,1.160810268,1.766099084,0.326745138,0.249753038,0.68619546,0.553712833,0.34422633,0.104969854,0.453233057,0.135739353,0.63766012,0.173181941,1.447847124,0,0.726548616,0.040624619,0.057955285,0,0,0.238914024,Moderate
1.394646937,0.517796629,0.137600285,1.825158835,2,0.50179854,0.111029946,0.356415513,0.328879748,0.234615862,0.822775519,0.24817005,0.16522801,0.465713046,0.407279694,1.118444253,0.38669056,0.502828992,0.003440007,0.417586311,0,0.668049311,0.174290347,Moderate
1.585366227,1.534826819,0.358629068,0.82725178,1.216653917,0.50779701,0.486155902,0.476607086,0.165820836,0.144554172,1,0.26364218,0.198796324,0.35886048,0.177780221,0.54693004,2.347744645,0.138638495,0.00753121,0.217392851,1.405358543,0.333468044,1.102570952,Moderate
0.795930473,0.546029514,0.148428794,2.054203756,0.268216153,0.078683436,0.144481418,0.168136834,0.564095916,0.183297433,0.232427056,0.077269982,0.110761335,0.077659906,0.174621788,0.999495586,0.439901965,1,0.13276131,0.269499062,0,0.219572521,1.079205886,Safe
0.472525007,0.508732598,0.270946482,0.422293138,0.191586525,0.104008772,0,0.204312078,0.819237596,0.487203495,0.280656454,0.429652742,0.280647828,0.318966254,0.220085602,0.459892992,0.206488431,0.158417981,0.094831269,0.057980042,0,1,0.432884195,Safe
0.320653506,0.206131174,0.115303488,0.227824219,0.480899218,0.109981785,0.053730507,0.183327985,0.239450898,0.253633184,0.191463981,0.436406963,0.18228336,0.198553941,0.129004564,0.925334764,0.156581919,0.159469792,0.034039062,0.437519917,0,0.346533385,1.536739671,Safe
0.678223328,0.478315047,0.255291858,0.845950011,0.577294794,0.069102141,1.063932864,0.195962688,0.410050274,0.265484878,0.1985403,0.365206903,0.277774615,0.356406254,0.161735526,0.840894789,1.777212824,0.269037179,0.328115498,0.481674457,0,0.270688152,1.078207262,Moderate
0.255740171,0.25892317,0.121352167,0.888373925,0.546052418,0.012099663,0,0.046585783,0.371917783,0,0.561024686,0.132857647,0.134543956,0.064936081,0.396119399,0.837829276,0.210187589,0.588110032,0.038612053,0.340162504,0,0.514819636,1.742311721,Safe
2.185315761,3,0.214626286,0.713797367,1.548283669,0.042799494,0,0.157919357,0.347072096,0.116118936,0.564589816,0.094256269,0.21242333,0.287118688,0.788896403,0,0.161088501,0.695666992,0.468275534,0.031630882,0,0.224331525,1.384102797,Dangerous
2.362347094,1.350986558,0.712876623,1.835611039,0.863626308,0.869348421,0.551661051,0.486433118,0.239620923,0.246811991,0.814809643,0.275439018,0.230698401,0.337448422,0.207276398,0.572830232,2.061058345,0.254610803,0.006231439,0.234690777,0.117682504,0.20229295,0.703149859,Moderate
0.452093073,0.536716513,0.086045836,0.221250888,0.255340017,0.056751397,0.096505794,0.148532697,0.289174543,0.165283958,0.629597754,0.091857119,0.260114878,0.448301985,0.088266549,1.562430421,0.487385982,0.332931139,0.023546327,0.198494091,0,0.011234436,1.211012729,Safe
0.005581449,0.235099057,0.135595086,0.445837457,0.087817486,0.05895112,0.036611462,0.09524716,0.202316944,0.00054266,0.802210379,0.080535798,0.281226776,0.85925111,0.240573588,1.384194883,0.062840112,0.407954979,0.024736941,0.304300647,0,0,1.736168213,Safe
0.384813108,0.626900634,0.087251324,1.292345086,0.262137312,0.031770827,0.209198282,0.185695386,0.378370936,0.149061861,0.191653964,0.039470069,0.082387374,0.039031644,0.174225217,1.21814853,0.809900228,0.847799704,0.131051488,0.173945606,0,0.222348437,1.411067259,Safe
0.524323547,0.337090619,0.074825363,0.626408598,0.286663651,0.107458692,0.560214123,0.250162422,0.453758838,0.453952408,0.402983537,0.216523418,0.264433722,0.577796044,0.228123894,1.269217732,0.434740793,0.359650261,0.207436651,0.438850986,0.00874442,0.643702468,0.164593094,Safe
3.429105075,2.679502157,0.254835562,0.661971498,1.882031208,0.279497832,1.997522591,0.146044145,0.129866662,0.087969327,0.540652246,0.33494778,0.280989731,3,0.909770094,0.510841899,0,0.184056587,0,0.024787479,0,0.034469993,1.252116246,Dangerous
4,1.105993313,0.150393767,1.269674675,1.624693603,2,0.520084424,1.417589134,0.525058385,0.272568583,0.048376422,0.279377413,0.182160549,0.663930053,0.533438758,0.35000086,0,0.323282275,0,0.02925716,0,0,0.462493629,Dangerous
0.404604458,0.265125337,0.282406818,1.907338536,0.044375587,0.046460604,0,0.195917635,1,0.85126366,0.013360199,0.250915645,0.334980871,1.994746215,0.360772953,0.202497504,0,0.505068821,0,0.087901742,2,0.125512254,0,Safe
3.337645853,1.254640126,0.92521417,1.134927066,0.928830654,0.31006366,0,2,0.700282295,0.394290104,0.016290222,0.417064478,0.291967941,0.605105348,0,0.108429234,0,0.10607012,0,0,0,0.188715029,0.412428525,Dangerous
0.721431428,0.979244199,0.144090966,1.394784913,0.557494163,0.148344817,0.137891125,0.392795869,0.332134183,0.171659686,0.313777888,0.135847107,0.154655183,0.080013287,0.301579548,0.612568409,1.522861581,0.773750466,0.311290861,0.334785712,0,0.417386023,1.282154878,Moderate
0.95501517,1.127738216,0.365398266,0.883918095,0.920455501,0.056356943,0.884521777,0.090237761,0.344412621,0.142399728,0,0.334710135,1,0.779660834,0.053262612,1.011129857,1.383648686,0.292187395,0.05366787,0.501138675,0,0.950550762,0.625674678,Moderate
0.159366519,0.491925425,0.051499823,0.556877844,0.872817762,0.013448531,0.075383783,0.109599221,0.223883662,0.143180751,0.742443109,0.149869012,0.453681733,0.214119599,0.227468043,1.274553775,0.585605634,0.404574044,0.011444405,0.439865279,0.009648699,0.333375483,1.028808609,Safe
1.654216517,0.983511497,2,1.48436672,0.673429511,0,0,0.129268804,0.91892171,0.287713355,0.069085463,0.028489005,0.310264289,0,0.052676031,0.495572598,0,0,1,0,0,0.19323381,0.869060166,Moderate
0.27244904,0.565207029,0.015570221,0.225113115,0.306469352,0.035502315,0.011335617,0.083052165,0.176865585,0.14012738,0.344665718,0.030530399,0.146422707,0.250827837,0.201673843,1.326369637,0.298213121,0.249857242,0.207329779,0.064963752,0.135416869,0.676955934,1.557097876,Safe
3.502995146,0.354320782,0,3,1.654602603,0.322874378,0,0.430311434,0.356763975,0.101246637,0.506077808,0.005539833,0.064314252,0.799750089,0.374721669,1.03660987,1.38061954,0.451722635,0,1,0,0.135649011,0.475919343,Dangerous
1.648980633,1.774869177,0.844627048,0.905549613,1.211370882,0.176720647,0.062390238,0.41082064,0.225456096,0.249943961,0.423377938,0.501941506,0.319039589,0.308105081,0.136929723,0.663512199,3,0.351482927,0.45845587,0.510182283,0,0.490525999,0.587371092,Moderate
1.496887345,1.371952188,0.597122684,0.755146057,1.129639841,0.137875903,0.108681088,0.452640969,0.330656781,0.310593123,0.559885916,0.555570236,0.4174107,0.184986994,0.106154286,0.685660784,1.676564309,0.2783295,0.329988852,0.460064576,0,0.669532531,0.307549043,Moderate
0.925728512,0.289531814,1.197212611,0.948769362,0.708291682,0.154811825,2,0.205106586,0,0.450363063,0.516414642,0.185590381,0.209307702,0.618580966,0.030923874,0.341729714,1.040382985,0.338053602,0.024727283,0.77346783,0.072965905,0.454123061,1.077802144,Moderate
0.661269585,0,0,0.375603433,0.151470467,0,0,0.116302632,0.505442803,0.117122054,0.20271883,0.388944692,0.128835487,1.134802432,0.192479203,1.292150314,0,0.629918952,0.048198003,0.168773349,0,0,1.539369191,Safe
0,0.116862233,0.224063249,0.436527039,0.8215166,0.051197388,0,0.123903216,0.560767467,1,0.274998643,0.17889267,0.483512339,0.219811598,0.024167028,0.092435138,0.213448374,0.154124848,0.140039531,0.130765809,0,0.021648298,0.268611417,Safe
0.179131144,0.226846288,0,1.412268908,0.569528958,0,0,0.109324474,0.504762608,0.191978535,0.117109031,1,0.363316073,1.066714286,0.074774436,0.527500817,0,0.436301758,0,0.141019509,0,0,1.722550387,Safe
1.072133193,0.830504193,0,0,1.042547778,0,0,0,0.967847343,0.289465823,0.988863236,0.548296845,0.39903962,1.562133891,0.428966637,0.567201636,0,0,0,0.206513925,0,0,0.477014711,Safe
1.007005936,0,0,0,0,0,0,0,0.116692457,0.566939912,0.285169467,0.739234169,0,0,2,0.53127508,0,0,0,0,0,0,1.432474798,Safe
0.074564497,0.312276109,0.031184155,0.182261843,0.049000771,0.008550517,0,0.018811979,0.113941915,0.195049674,0.252319781,0,0.059912619,0.275331858,0.248791919,1.107991278,0.059413645,0.187691268,0.210493047,0.00909971,0,0.500144146,2,Safe
0.700766839,0.553005586,0.250904069,0.595971729,0.298434587,0.07133208,0.003813346,0.091392977,0.226275219,0.227018728,0.043680964,0.212641877,0.473722959,0.570686234,0.306786994,2,0.723594409,0.635506156,0.397395568,0.63673951,0,0.731010348,0.675297938,Safe
1.091217923,0.823911942,0.588090963,1.456837223,0.84213656,0.513464991,0,0.872727273,0.507326266,0.339363515,0.02755396,0.300231897,0.13151743,1.186602334,0.420785093,1.247887165,0,0.733210839,0.025311157,0.07602585,0,0,0.903095033,Safe
1.374014421,0.636636125,0.33045666,2.279595187,1.444531171,0.676718208,0.090403567,0.338263058,0.301888852,0.27612514,0.244014087,0.446500303,0.199881578,0.829217796,0.589593653,0.870333319,0.445733177,0.650389658,0.005430485,0.60728129,0,0.650388211,0.6012672,Moderate
1.573229891,1.811265333,0.919583156,0.944633489,0.826430276,0.712760527,0.273700869,0.492794556,0.134183487,0.159858232,0.271470054,0.375757656,0.194583643,0.404827733,0.278212614,0.57841371,2.281395903,0.158640522,0.001799019,0.218500377,0.705776502,0.320733541,1.367068821,Moderate
0.88639543,0.576632092,0.138104523,2.232762407,0.154394233,0.197312253,0.028860852,0.173991616,0.442886363,0.174030651,0.063197369,0.073570487,0.104636034,0.250790514,0.267894418,0.770610738,0.51837099,0.938781497,0.109220145,0.224199437,0,0.306515869,1.56613612,Safe
0.490036321,0.395961132,0.357996357,0.420081967,0.121415892,0.106557377,0,0.199225037,0.710237639,0.40657741,0.095147364,0.32182377,0.323002049,0.650102459,0.490481227,0.605147637,0.189702788,0.17722208,0.069335973,0.0427202,0,1,0.956901111,Safe
0.57239121,0.343709481,0.026612713,0.213791891,0.313203238,0.391919381,0.020534696,0.20847894,0.21103801,0.262503975,0.100977501,0.377599406,0.13800582,0.228005625,0.913620679,0.83767667,0.134512481,0.168901599,0.027489566,0.405638662,0,0.368915485,1.614185452,Safe
0.754402731,0.585914392,0.484051161,0.767967142,0.350060852,0.078999801,0.73650808,0.166467424,0.335523541,0.264873002,0.051138654,0.419387577,0.234787495,0.421398685,0.200013069,0.726356788,1.475592116,0.271633807,1,0.507855636,0,0.287299352,1.381914542,Moderate
0.400418472,0.339330572,0.107021699,0.955818291,0.371034326,0,0.014910144,0.029778798,0.249644851,0,0.155190377,0.178163032,0.11306631,0,0.578208145,0.789162625,0.113421907,0.639683135,0.02763698,0.249035423,0,0.475551598,2,Safe
2.091921131,3,0.33904498,0.821355236,1.11114294,0.109380478,0,0.165347369,0.288784825,0.142497979,0.146701163,0.132547871,0.193308542,0.529623879,0.989408392,0,0.208637913,0.944478311,0.519675442,0.035238228,0,0.22988426,1.596458037,Dangerous
1.886388107,1.756264384,0.798799085,2.165370506,0.490004402,0.959318044,0.319347595,0.502514248,0.188025631,0.240668445,0.213468002,0.30804892,0.1417328,0.100909698,0.219545544,0.42177153,2.024405524,0.314056834,0.002690604,0.243692251,2,0.159831753,1.351161338,Moderate
0.570332014,0.66959462,0.105636618,0.219365752,0.186735084,0.081407928,0.105963666,0.173153838,0.244853566,0.195164213,0.176914234,0.124059285,0.245630275,0.813826419,0.138913678,1.40813451,0.474277825,0.348205569,0.024799364,0.209255675,0,0.016148248,1.485831884,Safe
0.173654074,0.260543945,0.440108765,0.409049104,0.051176449,0.068368522,0.007007481,0.118572675,0.184388932,0.023399818,0.228446383,0.099642514,0.283537268,0.685040787,0.166058185,1.268547149,0.037758501,0.489460248,0.027601307,0.354626858,0,0.003709546,1.844703654,Safe
0.497686684,0.721338417,0.220883784,1.287491506,0.165444962,0.036871934,0.135148643,0.193147846,0.305145008,0.160772376,0.048593185,0.076878659,0.065324463,0.148866782,0.229333476,1.064138143,0.813293126,0.89155224,0.115109884,0.211750079,0,0.231697798,1.701064035,Safe
0.666752509,0.418953689,0.122741979,0.697944745,0.189590898,0.172220812,0.298979014,0.261472175,0.390861229,0.46864595,0.112996643,0.258031048,0.253120178,0.562425209,0.349003137,1.223151274,0.423816541,0.389980498,0.131046451,0.421533497,0,0.686738399,0.693817491,Safe
2.545002874,2.99116149,0.253534572,0.462783798,2,0.060371517,0.565154463,0.047030678,0.053320724,0.136077231,0.072737775,0.315144479,0.281540248,2.455495356,0.947892634,0.987758146,0,0.539225764,0,0.050424385,0,0.116865402,1.364417386,Dangerous
4,1.683786639,0.393709936,1.950620994,1.02866242,2,0.219404918,1.326770105,0.415254959,0.490106468,0.015724179,0.157301683,0.200383113,2.542067308,0.686857077,0.271385083,0,0.332054725,0,0,0,0.087109673,0.668686339,Dangerous
0.409869622,0.445386067,0.387194641,2.302009456,0.081709355,0.092198582,0,0.05027724,0.729684205,0.797030199,0.000839783,0.268144208,0.304558215,3,0.453611693,0.165091873,0,0.621883311,0,0.013861342,0,0.055684292,0.900467155,Safe
3.577763683,1.474368738,0.980151606,1.303485937,0.797813583,0.980251346,0,2,0.522383643,0.47749433,0.013013783,0.261071215,0.190473519,1.423922801,0.223615741,0.225767844,0,0.021565025,0,0,0,0.260234282,0.712492784,Dangerous
0.897701747,1.388651485,0.265376951,1.236651791,0.360704288,0.268018773,0.114740755,0.401033889,0.261307151,0.166312912,0.098399713,0.149901525,0.167880577,0.132940831,0.393819309,0.658633172,1.202574494,0.807861574,0.111066173,0.318588971,0,0.676241275,1.446060171,Moderate
1.014609248,1.221354583,0.599147199,0.886975875,0.629901222,0.09029659,0.52619386,0.077377231,0.29261518,0.14698877,0,0.376748049,0.953077609,0.716164826,0.05754127,1.052336028,1.334257434,0.284503445,0.141991777,0.427172328,0,0.969055022,1.031875535,Moderate
0.33624658,0.652515922,0.09818106,0.593547793,0.563027543,0.016158891,0.039828503,0.098294433,0.182778886,0.159797059,0.139562879,0.180367123,0.486743351,0.220242582,0.338116268,1.212010351,0.610543762,0.433618854,0.008202764,0.490266323,0,0.372962955,1.390335062,Safe
1.068312859,0.49801297,0.900526919,1.056701031,0.610834592,0,0,0.208809747,0.623895641,0.222131223,0.090879361,0.179896907,1,0,0.154301566,0.654332849,0,0.842058634,0,0.080595841,0,0.174339083,1.087880966,Safe
0.411354741,0.617216647,0.047091804,0.273223635,0.197374625,0.054821435,0.027336574,0.079226427,0.130554471,0.171404962,0.074805556,0.050173114,0.122078951,0.383239389,0.207449323,1.021464192,0.336879206,0.270105738,0.290171491,0.082107579,0,0.732601623,1.855189608,Safe
2.605240251,0.596967742,0.071017164,3,1.370211796,0.490406504,0,0.368863267,0.270955884,0.107941315,0.172188421,0.113495935,0.065718157,1.203658537,0.642159789,1.158905178,1.204227127,1,0,1,0,0.180697094,0.771856552,Moderate
1.862672896,2.078339752,1.858731539,0.82762987,0.773132749,0.196552928,0.073749451,0.393892706,0.17275298,0.27788184,0.098167347,0.545273915,0.34774435,0.459823538,0.169637429,0.595744261,3,0.352857656,0.364339444,0.506689708,0,0.60488265,1.011716323,Moderate
1.459131887,1.50808767,1.286829934,0.953119776,0.817152093,0.208625878,0.137320631,0.449480259,0.304596458,0.323456868,0.126075028,0.528721581,0.395248245,0.530341023,0.203246189,0.594066507,1.915103869,0.43673501,0.342912868,0.516220271,0.218983339,0.666355502,0.821289962,Moderate
0.976094417,0.338368739,2,1.099542926,0.463929159,0.179912486,2,0.186874135,0,0.426897798,0.122718002,0.22245825,0.225348176,0.878828737,0.034030597,0.265936431,1.071578482,0.39277151,0.016259377,0.899184062,0.029622657,0.55374816,1.413562134,Moderate
1.114402773,0.238358181,0.359173977,0.280975877,0.108280255,0.085526316,0,0.23319378,0.357955393,0.089287784,0.053077536,0.191337719,0.182805647,0,0.108492188,1.090078689,0,0.671707956,0.139128105,0.085721454,0,0,1.890314366,Safe
0.324630822,0.44423385,0.401640684,0.40396742,0.46703328,0.013662638,0.047962399,0.138365261,0.394807954,1,0.060151102,0.267450517,0.480518699,0.694626905,0,0.075522849,0.060808566,0.227231674,0.207437104,0.191713352,0,0.022216094,0.838995387,Safe
1.256215363,0.276832424,0,0.978987584,0.848867556,0.446991404,0,0.058035947,0.493538566,0.436631476,0.041988087,1,0.28951767,0,0.242541739,0.499954541,0,0.206505193,0,0.112002817,0,0,1.327225997,Safe
1.221648657,0.55525584,0,0,0.378358591,0.398467433,0,0.077603622,1,0.43575133,0.180334705,0.55715198,0.387132822,0,0.348640752,0.390884022,0,0,0,0.149766219,0,0,0.868479912,Safe
0,0,0,1.61163522,0,0,0,0,0.785542752,0.466412327,1,0,0,0,2,0.586761953,0,0.453272406,0,0,0,0,0,Safe
0.260498611,0.468156885,0.098434878,0.115505973,0.074187959,0.023439261,0,0.027389514,0.111050963,0.187450043,0.127898669,0.072102021,0.070594809,0.357505071,0.200130502,1.760125579,0.260803923,0.319446205,0.165227036,0.026429333,0,0.517252537,1.55375793,Safe
0.648242063,0.408899439,0.116780572,0.261477813,0.400065944,0.045097952,0.004414099,0.089221975,0.277034017,0.254400528,0.114953075,0.235448484,0.444753014,0.272511803,0.166781167,2,0.640573292,0.426197894,0.278620424,0.643332744,0.062185013,0.700848067,0.294155621,Safe
1.425249879,0.371142466,0.181493307,0.683519843,1.395083293,0.721991313,0,0.617682425,0.62335986,0.331964976,0.026322174,0.456817079,0.093820511,0.456817079,0.10872169,1.540029226,0,0.322651738,0,0.083982197,0,0,0.470276611,Safe
1.18955226,0.485650533,0.156693894,1.321574365,1.802258585,0.495932572,0.094319829,0.290527442,0.333256843,0.242938732,0.677706506,0.537894358,0.215519959,0.204241393,0.51677407,0.920034527,0.338915736,0.363091895,0.003005007,0.585233394,0,0.705522884,0.250140858,Safe
1.559219436,1.467453457,0.402722637,0.479133495,1.112273067,0.532226301,0.180214547,0.566407279,0.142443654,0.153783345,0.674427994,0.402714252,0.194309874,0.134116601,0.184766917,0.653257613,2.125608652,0.067350117,0.002280688,0.251922795,0.782805675,0.360399588,1.108999244,Moderate
0.769936576,0.510294587,0.165387422,1.072809814,0.194651356,0.146437136,0.05045209,0.182656416,0.471308465,0.150529783,0.141700694,0.066464667,0.098666258,0.083955369,0.079408794,0.643013886,0.443291129,0.658850751,0.052240227,0.193253163,0,0.389069176,1.608338228,Safe
0.578008658,0.426094376,0.333384764,0.626087608,0.263799762,0.089609776,0,0.198558475,0.579582397,0.401530306,0.162321747,0.899064171,0.434950168,0.179812834,0.209186995,0.588846238,0.192288867,0.086584875,0.059672742,0.132228654,0,0.944113723,0.707147389,Safe
0.409776476,0.176278804,0.034865741,0.085815371,0.425650619,0.131071568,0.018704571,0.25921024,0.270057296,0.348844257,0.136304467,0.607272513,0.175350555,0.356646964,0.112634793,0.855655482,0.112337385,0.057920943,0.016969623,0.439177784,0,0.440452546,1.346209951,Safe
0.693574462,0.441775072,0.245419261,0.407320493,0.424892089,0.065618529,0.681816449,0.154410208,0.38100774,0.243314277,0.12825676,0.510314151,0.214623218,0.104501191,0.055075534,0.743359639,1.240445462,0.095004166,0.645044232,0.518075921,0,0.324862998,1.238358766,Safe
0.39701702,0.235635759,0.05190488,0.470442591,0.397803402,0.026786691,0,0.033563436,0.283425883,0.006918776,0.393597536,0.176369578,0.099659953,0.033594205,0.274255299,0.805364536,0.10777526,0.321710931,0.028667786,0.227483706,0,0.497972247,2,Safe
1.669101062,2.190336603,0.17029582,0.444549356,1.417874692,0.043563696,0,0.153886792,0.352625206,0.107986903,0.425952527,0.183699901,0.176931555,0.133024066,0.444590267,0,0.10160981,0.710092709,0.338748433,0.041341305,0,0.229976656,1.54886073,Moderate
1.755618509,1.136591101,0.422034074,1.014476398,0.639443013,0.87669599,0.15919945,0.569258333,0.212788241,0.203043456,0.597079465,0.276701705,0.136960607,0.020883148,0.099617126,0.643616332,1.755302442,0.176075682,0.001188049,0.214611339,0,0.257538411,1.078617383,Moderate
0.511113817,0.422254996,0.064336838,0.112978617,0.199746008,0.078712787,0.080124235,0.162521008,0.256850772,0.19570561,0.398790089,0.148075041,0.225433934,0.150767315,0.071950909,1.442195479,0.372360065,0.193867787,0.014295339,0.18742225,0,0.019767244,1.40798325,Safe
0.167921037,0.173382089,0.432761923,0.165940143,0.08086649,0.057787533,0.026639578,0.136119021,0.207621407,0,0.533114426,0.109901188,0.285205169,0.1755697,0.087392648,1.315198308,0.072044115,0.300524622,0.01316277,0.366557728,0,0.004575188,1.810841333,Safe
0.444618787,0.482986821,0.132465475,0.650182337,0.196282757,0.032202455,0.102245593,0.175221865,0.328995969,0.146502428,0.110686474,0.096610416,0.058886672,0.026748239,0.09891517,1.111906039,0.731663376,0.607820006,0.070579608,0.190098326,0,0.255419812,1.656372209,Safe
0.643603033,0.328677458,0.085751627,0.340603482,0.238301502,0.125810803,0.209982013,0.270663592,0.420088761,0.450067841,0.269518459,0.319456532,0.280483391,0.213653184,0.184113949,1.304656974,0.483216097,0.233754783,0.079402058,0.410241519,0,0.737326971,0.338852158,Safe
2.255532406,3,0.294881912,0.311465917,2,0.047556406,0,0.050179089,0.112858861,0.127233094,0.222999606,0.21206149,0.275835155,0.371107607,0.542164293,0.904516093,0,0.255614555,0,0.019492912,0,0.02036774,1.291220556,Moderate
4,1.374939406,1.270018171,1.101409832,1.241392051,2,0.083019447,1.690780733,0.480294985,0.424313765,0.023217496,0.241761534,0.187576778,0.322348712,0.258801523,0.391132068,0,0.073675218,0.01146158,0.029630627,0,0.317344397,0.099758096,Dangerous
0.50776455,0.398398241,0.10823429,0.710852165,0.097878086,0.058184125,0,0.128925121,0.719968835,0.836172874,0.006727431,0.184859664,0.159857865,0.467013889,0.165877053,0.211819203,0,0.410235455,0,0.0107321,0,0.04111708,0.697895742,Safe
3.556885246,1.332348216,1.022015587,0.650886318,1.646277322,0.78291033,0,2,0.488117368,0.451723148,0.06352459,0.103355533,0.103776581,0.964651639,0.117310063,0.276532099,0,0.003393232,0.039199542,0,2,0.542671925,0.240651286,Dangerous
0.842349116,0.982020783,0.495779478,0.69722037,0.426580445,0.151405478,0.087916577,0.392657038,0.303445644,0.163009238,0.230790381,0.1806381,0.182477544,0.031291639,0.180854914,0.688152267,1.273105949,0.597552583,0.076062747,0.337057078,0,0.682236898,1.261371954,Safe
0.969766508,0.856536822,0.385903646,0.597995591,0.682273844,0.041956671,0.56375909,0.079686961,0.357681264,0.157566237,0,0.401077167,1,0.261927945,0.033184704,1.030094833,0.825298789,0.154477249,0.132380925,0.424351621,0,1,0.679254738,Safe
0.330703585,0.519393587,0.052245447,0.316971387,0.650025759,0.009945165,0.039023058,0.095462885,0.192163914,0.162229712,0.215711057,0.208338771,0.456978334,0.053586025,0.125629127,1.32095385,0.576498083,0.28049112,0.004336267,0.486878277,0.013408527,0.450251373,1.231251749,Safe
1.205598194,0.604342253,0.844374052,1.036183803,0,0.181565993,0,0.143684365,0.546726695,0.248234602,0.174943567,0.531320542,0.249421571,0.910835214,0.098028403,0.894127804,0,1,0,0.027908305,0,0.524894587,0.837766176,Safe
0.386130935,0.448435637,0.022210663,0.145183628,0.236452674,0.024306251,0.037904499,0.06938111,0.134382271,0.169456613,0.182723016,0.065672993,0.111534589,0.053907473,0.114435112,1.421086839,0.30196445,0.170310771,0.107216804,0.122307677,0.012418409,0.748864363,1.569273497,Safe
2.757466461,0.946904414,0,1.498230694,1.75679188,0.412011164,0,0.416619237,0.223101057,0.074165289,0.604297097,0.028706602,0.065508061,0.114826409,0.703637401,1.098467545,1.227934598,0.613578217,0,0.869025227,0,0.400708039,0.385166523,Moderate
2.120234466,1.525858601,2,0.427916027,0.981999095,0.134094296,0.285650536,0.443660912,0.194993873,0.296602153,0.18349321,0.617517592,0.281930134,0.319722739,0.053943122,0.53595708,3,0.145274783,1,0.341487422,0,0.601663588,0.605215605,Moderate
1.290397216,1.139228897,0.487853458,0.611590259,0.912589928,0.131975079,0.05246477,0.428471868,0.344284999,0.314445095,0.383440616,0.585668307,0.440459564,0.135807144,0.086947034,0.576645429,2.532446564,0.252222959,0.236612252,0.494660001,0,0.590231291,0.538716622,Moderate
0.888640832,0.250081611,0.986497146,0.746179218,0.623460403,0.142659631,2,0.207408376,0,0.400020872,0.328881551,0.207772093,0.230895236,0.336392912,0,0.428619581,1.160315295,0.294538122,0.022202009,1,0.031908981,0.485695715,1.082353901,Safe
1.243975155,0.237554231,0.193611649,0.124676703,0.1313147,0.124897104,0,0.230623819,0.432894625,0.111501334,0.228649068,0.156638199,0.185872002,0,0.348692271,1.249157981,0,0.19147523,0.059408001,0.134384556,0,0,1.563729768,Safe
0.285502495,0.204452412,0.088870921,0.279619512,0.482204799,0.042997364,0.049379706,0.09073724,0.357052233,1,0.12704918,0.383464006,0.685827839,0.095866001,0.000105998,0.085589638,0.076888136,0,0.027269246,0.409762744,0,0.036830332,0.437863495,Safe
1.241521555,0.56577265,0,0.11779349,0.875690335,0.47593926,0,0.376640082,0.615623183,0.334387384,0.389792899,0.795857988,0.354146654,0.795857988,0.330052111,0.403748378,0,0.150707685,0,0.07315609,0,0.038219642,0.979717254,Safe
0.850897504,0.426537894,0,0.849553837,0.157187113,0.598020334,0,0.078875061,0.781163456,0.310211932,0.893122677,1,0.273838305,3,0.072758135,0.299437143,0.80203758,0.137722327,0,0,0,0.28813916,0.618320645,Safe
0,0,0,3,0,0,0,0,1,0.532472837,1,0,0,0,2,0.14120841,0,0.539633334,0,0.398818682,0,0,0,Safe
0.244921092,0.270949612,0,0,0.16849679,0.017806893,0,0.051669538,0.118665002,0.194109562,0.272802745,0.089329201,0.065231352,0.0297764,0.081236717,1.74745259,0.047763584,0.161434304,0.11434429,0.01094831,0,0.520504648,1.511331137,Safe
0.913436253,0.402644326,0.186157533,0.369706027,0.380734626,0.048266481,0.001852954,0.063147381,0.268728448,0.21587037,0.029122473,0.192791664,0.469006179,0.231487314,0.343779503,2,0.737430005,0.379281256,0.66926056,0.539030115,0.022003718,0.571315982,0.103042384,Safe
1.669908815,0.668262021,0.080368167,1.075482048,1.14122756,0.51204115,0.130393418,0.335515548,0.517609035,0.267489798,0.053391306,0.392804374,0.141541858,0.093085106,0.502346683,1.356104287,0,0.426540337,0,0.018088629,0,0,0.595684334,Safe
1.678217227,0.337698908,0.280825245,1.663115089,1.856065612,0.340798476,0.112098268,0.208834886,0.323643919,0.206410554,0.167158702,0.491034624,0.199725546,0.294283958,0.555777143,1.00745667,0.415992164,0.34245421,0.012438801,0.487839317,0,0.435965089,0.199013342,Moderate
2.054325375,0.928549851,0.469803478,0.743092379,1.251034581,0.470005064,0.19736394,0.464797809,0.127275455,0.115405054,0.170474087,0.536514436,0.240224969,0.110771793,0.390250514,0.685614284,2.17736583,0.102772534,0.005533396,0.252925435,0.565717091,0.17626874,1.104256619,Moderate
1.243205708,0.494618347,0.108110874,1.335128169,0.202170588,0.097349737,0.028064736,0.145630409,0.478671503,0.152242012,0.034507251,0.082105008,0.094976714,0.210365636,0.344279062,0.600561136,0.387209097,0.624949913,0.143711297,0.180305583,0,0.324340878,1.504377498,Safe
1.057424945,0.094505508,0.426212,1.004910085,0.242088329,0.090515972,0,0.142345666,0.679893479,0.40935274,0.028204605,0.785182573,0.269344068,0,0.196299676,0.498928521,0.215002494,0.17058063,0.324367377,0.081539151,0,0.804287729,0.516863681,Safe
0.59337246,0.148977738,0.0464154,0.18568116,0.425503436,0.131431776,0.020918532,0.181172691,0.280497241,0.276078296,0.027534166,0.520933481,0.153695458,0.24291498,0.219429964,0.781480747,0.125743098,0.113224502,0.071520809,0.382566039,0,0.297218709,1.463394598,Safe
1.054213803,0.377902378,0.301442296,0.570358541,0.428554472,0.051214593,0.545507147,0.104977622,0.375254049,0.25815316,0.032682813,0.465533558,0.261601738,0.171884592,0.144937349,0.711596717,1.4679876,0.162608067,1,0.528678769,0,0.198729282,1.122186761,Moderate
0.501796435,0.209286841,0.176515254,0.71707113,0.395258245,0.003123925,0,0.034115919,0.321278328,0.003945144,0.085179754,0.268220293,0.132578211,0.102222943,0.541982037,0.773884567,0.148405096,0.363467467,0.059705071,0.208575423,0,0.301353237,2,Safe
2.165188726,1.75803168,0.248124532,0.594289439,1.373832789,0.050877913,0,0.102394703,0.3500829,0.090462809,0.09856971,0.168880657,0.183482209,0.317115757,0.900715343,0,0.09711181,0.736975603,0.573014848,0.039477274,0,0.157719787,1.635227632,Moderate
2.66128421,1.218010039,0.663211847,1.464477043,0.589623954,0.710365686,0.257311226,0.417316072,0.220555799,0.195215513,0.136242668,0.36100862,0.131739174,0.040077611,0.316837648,0.444823129,2.000068923,0.206225548,0.004389004,0.190806585,2,0.104797226,1.124847181,Moderate
0.74634044,0.406042949,0.09030674,0.146895371,0.204899948,0.059554985,0.140092026,0.150508608,0.268559369,0.19850894,0.102047914,0.125980863,0.226422156,0.119276477,0.129259617,1.320101522,0.517491126,0.197807803,0.022909225,0.141565493,0,0.01917022,1.384135863,Safe
0.225400762,0.125925126,0.82441631,0.266560923,0.08833814,0.047750145,0.021208908,0.103324275,0.213999993,0,0.116462036,0.110088921,0.33901373,0.199855804,0.21444845,1.418046216,0.068140444,0.3427205,0.058806769,0.315989438,0,0.003197693,1.726196894,Safe
0.679482958,0.436163224,0.173144255,0.843641424,0.167397278,0.028751938,0.100114422,0.130382962,0.323494732,0.141548853,0.022668915,0.094874543,0.061397501,0.03840156,0.270562479,1.192141177,0.872264114,0.536071307,0.187843653,0.178059433,0,0.169328938,1.570519134,Safe
0.859844066,0.27801002,0.118267049,0.454804965,0.234777807,0.137377659,0.262795596,0.212663062,0.445638951,0.437542084,0.063064649,0.295398426,0.275249344,0.25966807,0.38873337,1.205990222,0.407242787,0.253309804,0.224886522,0.326714485,0,0.430092001,0.227621072,Safe
3.526762468,3,0.21456874,0.706442308,2,0.030379088,0.116042426,0.019905932,0.107460681,0.10091347,0.084744509,0.336127548,0.526084433,0.331360947,2,0.592149527,0,0.186686391,0,0.008048905,0,0.109349112,1.021856257,Dangerous
3.97964775,0.803134995,0.724414438,1.780543664,1.220836901,2,0.167903853,0.777660695,0.433222622,0.413974275,0.000979803,0.486348935,0.235865078,0.239726027,0.510676873,0.423352149,0.261021863,0.306135845,0,0.029115259,0,0.230547945,0.203943364,Dangerous
1.299009901,0.464386967,0.239353908,0.762623762,0.39217203,0.25416168,0,0.066615892,0.930417073,0.774816772,0.001318055,0.674917492,0.123983084,0.831683168,0.86616191,0.288049784,0,0.687227723,0,0,0,0,0,Safe
4,1.123549479,0.921293623,1.056745427,0.925828887,0.547842402,0,2,0.374530011,0.459200325,0.010367122,0.381012873,0.267244025,0,0.303084648,0.288362748,0,0.048094512,0.046743185,0,0,0.273658537,0.176948662,Dangerous
1.229808924,0.822793586,0.093000772,0.912655933,0.427471455,0.188028226,0,0.328548559,0.316796756,0.158486017,0.054507799,0.189511138,0.155118764,0.060321303,0.419765305,0.665258264,1.496563195,0.586153286,0.160430046,0.249507955,0,0.430945239,1.234058054,Moderate
1.700239674,0.935917951,1.046974896,0.879040675,0.715534164,0.025540125,0.453360056,0.056440269,0.361298244,0.11121584,0,0.416234231,1,0.491611393,0.121016272,1.212967521,1.008116746,0.160642801,0.068194349,0.318836964,0,0.673957082,0.484770879,Moderate
0.464398859,0.439170286,0.069077835,0.387216516,0.609772438,0.014421627,0.043690413,0.073100079,0.179314617,0.156823952,0.036746858,0.194782028,0.505370633,0.088144699,0.321617046,1.180313099,0.55960779,0.287773878,0.012177575,0.446726843,0.011278719,0.28532846,1.265061407,Safe
1.425764093,0.424750588,0.862015459,0.274653328,0.313861926,0,0,0.133284571,0.553876702,0.143665179,0.22695353,0.216059165,0.327445022,0.332805071,0.661694789,0.838646602,0,1,0,0.016167966,0,0.363993661,0.555443702,Safe
0.499154035,0.356325121,0.028294751,0.214284525,0.206836226,0.016640431,0.047672496,0.046845359,0.100684026,0.120633919,0.03784703,0.054825957,0.119562531,0.050418352,0.237004387,1.317518962,0.308796858,0.17620779,0.298434108,0.087993559,0,0.435061402,1.786002535,Safe
3.449269718,0.39145709,0,3,1.272745253,0.337438608,0.095477946,0.251133914,0.272329719,0.074817857,0.0898046,0.188061236,0.103641166,0.817916261,0.464631422,1.018210249,1.484291803,0.686092178,0,1,0,0.218500487,0.393994867,Dangerous
2.645979279,1.436018242,2,0.619928743,1.015328538,0.111806461,0.110724376,0.336717773,0.194323239,0.269765907,0.055780667,0.62233416,0.301848584,0.303270062,0.174568711,0.550316304,3,0.230237131,0.947598949,0.387920161,0.040250369,0.434142617,0.567223834,Moderate
1.706264271,0.958425301,0.60898853,0.769447099,0.977159703,0.165010806,0.017035415,0.321448299,0.341468529,0.296040761,0.096222379,0.619768744,0.404646666,0.3161918,0.193434983,0.656472616,2.171614835,0.261272296,0.585995176,0.478550456,0,0.425628909,0.320581203,Moderate
1.155381605,0.1884046,1.223552325,1.228679254,0.68538212,0.117709659,2,0.129761707,0,0.347978376,0.072315767,0.208874069,0.228326424,0.37851478,0.088588999,0.311030348,1.305658836,0.356217015,0.042446991,0.931786361,0.302225427,0.342038933,1.029620425,Moderate
1.127578304,0.044789041,0.48478766,0.772309492,0.15886113,0,0,0.06746195,0.499516743,0.19207895,0.021607877,0,0.150669282,0,0.717678515,0.968978764,0,0.126537433,0.184473105,0.068195099,0,0.063529412,1.710855834,Safe
0.428185729,0.220332935,0.627589425,0.379926012,0.74036215,0,0.101823313,0.034933568,0.334524882,1,0.027009852,0.271345333,0.438865354,0.290758048,0,0.052391949,0.474880898,0.109207338,0.286575041,0.257786443,0,0.013707165,0.212349535,Safe
1.512259867,0.327649904,0,0.988707213,1.162133252,0.28243639,0,0.082251896,0.242848129,0.174227317,0.077546631,1,0.505178016,0,0.291672659,0.542860817,0,0.192848411,0,0.074831199,0,0.154914425,1.456612168,Safe
0.851948052,0.169203044,0,0.291761364,0.400094697,0,0,0.084952085,1,0.189138427,0.180577404,0.688552189,0.237164611,0,0.602495544,0.545069282,0,0.079671717,0,0.206100743,0,1,0.259036034,Safe
0,0,0,0,0,0,0,0,0.122476807,0.046313044,1,0,0,3,0,0.543947217,0,0,0,0.145742668,0,0,0.256616928,Safe
0.304267161,0.130528062,0.549426015,0.050016234,0.085734578,0,0,0.003640804,0.063519553,0.191042765,0.059085294,0.051641414,0.071149383,0.090909091,0.116195569,1.516777402,0.296954743,0.170725108,0.298670741,0.004416444,0,0.301714286,1.710500083,Safe
0.655102544,0.380503536,0.113504673,0.369828214,0.492244024,0.07385894,0.002769121,0.132524519,0.203703798,0.256669744,0.09002576,0.21821121,0.46555129,0.170342434,0.231326557,2,0.660377986,0.332364487,0.676532445,0.423094325,0.041570857,0.642659732,0.516784112,Safe
1.494136392,0.556904142,0.348672789,0.944090792,1.207815772,0.463391632,0,0.876443142,0.531361601,0.461697941,0.069638476,0.565104167,0.112398697,0.180803571,0.212079973,1.184894462,0,0.422423246,0,0.029861902,0,0.303222656,0.533949589,Safe
1.174200695,0.415257854,0.447512385,1.831628991,2,0.369094832,0.056968267,0.281566324,0.219486936,0.257414691,0.459794944,0.419301211,0.192215602,0.255361479,0.378501689,0.980476909,0.552017048,0.310887918,0.019170928,0.401468626,0.155495351,0.649594701,0.643146425,Moderate
1.509174343,1.17201876,0.425274615,0.728502053,1.320476574,0.574969246,0.183419188,0.636261114,0.10690265,0.150864029,0.548652094,0.436513371,0.172877549,0.053215563,0.291938616,0.83226413,2.427201037,0.066953178,0.005630972,0.122970611,1.646563073,0.277312213,1.254823782,Moderate
0.92667637,0.524553827,0.150973008,1.410094806,0.270504946,0.217029075,0.062322747,0.241015401,0.370635709,0.197104646,0.143042066,0.091177167,0.091358281,0.174235752,0.184347597,0.541703845,0.536801289,0.482734579,0.128221165,0.128248838,0,0.465026471,1.56407366,Safe
0.832576811,0.245483045,0.379113783,0.586579973,0.384922362,0.043812886,0,0.346531383,0.587631673,0.469812539,0.148435356,0.853389964,0.253152813,0.294883031,0.212857556,0.442582182,0.221068906,0.205658081,0.160014703,0.03968434,0,0.998643228,0.789178357,Safe
0.256166025,0.138207931,0.038249664,0.177544219,0.492426583,0.115421115,0.014386205,0.223370572,0.185088417,0.274959881,0.100249322,0.436880221,0.125667129,0.41045953,0.106052789,0.597766545,0.099129563,0.102721933,0.038865793,0.275685594,0,0.367811734,1.810095954,Safe
0.696637665,0.416981698,0.214656385,0.67153329,0.553297502,0.095746725,0.351835104,0.239727874,0.358112938,0.392546786,0.147281439,0.476412588,0.261006088,0.075671024,0.104839315,0.713278322,1.16386582,0.129383086,0.593080466,0.371803918,0,0.25701704,1.092808385,Safe
0.246768482,0.221920384,0.286326874,0.709833041,0.458612714,0.022561241,0,0.04673552,0.233393904,0.010655418,0.316227016,0.240232213,0.122118717,0.050616212,0.295338063,0.737141616,0.037946133,0.336535141,0.099565244,0.141189105,0,0.393681652,2,Safe
1.351975307,1.560234012,0.29553724,0.621018035,1.784172079,0.030000338,0,0.151235396,0.300814506,0.109438532,0.425106486,0.210365399,0.185297999,0.150143816,0.448466479,0,0.058220857,0.599395581,0.781726316,0.028883578,0,0.232550336,1.64591129,Safe
1.88107524,1.068701391,0.397388845,1.330420911,0.84705707,0.781250713,0.151524768,0.545748401,0.178680087,0.3208862,0.502160134,0.249850746,0.169068457,0.056253427,0.215851984,0.557078023,1.711305875,0.12100101,0.043377973,0.128225776,0.247590152,0.428891258,1.025709655,Moderate
0.473650743,0.414679975,0.109316837,0.181296265,0.240346065,0.08211693,0.110086777,0.268093638,0.205185421,0.239354439,0.366029691,0.133494925,0.228821056,0.117800646,0.076082064,1.275597995,0.519918984,0.195817405,0.025593268,0.122426179,0,0.020925115,1.481057665,Safe
0,0.113324321,0.135494212,0.284684378,0.103913306,0.048933137,0.164697227,0.15606828,0.145750235,0,0.438235538,0.125118991,0.289030761,0.078843179,0.164252191,1.257924568,0.047136297,0.325606638,0.071079842,0.240511508,0,0.003298994,1.873298619,Safe
0.427502456,0.460494002,0.113809488,0.959627962,0.214823473,0.036071425,0.074749476,0.215847615,0.247753187,0.147882665,0.094976191,0.117195815,0.063167164,0.02807649,0.162331942,1.284230462,0.914989704,0.493445675,0.177447214,0.120788751,0.034528036,0.245829853,1.589011277,Safe
0.489321133,0.299268097,0.084188407,0.513395867,0.306305783,0.159095006,0.1785483,0.338071375,0.373229943,0.513606379,0.253530165,0.332607948,0.316045951,0.214380811,0.225690995,1.139143592,0.42704997,0.250717529,0.208262973,0.254771152,0,0.52014415,0.575084503,Safe
4,3,0.220622617,0.533368934,1.745904797,0.063741508,0,0.07202197,0.052379551,0.080712509,0.083869408,0.645611626,0.387351344,0.357510666,2,0.666846686,0,0.124668004,0,0.052486419,0,0.017378991,1.316898518,Dangerous
3.210808353,0.645611702,0.170923852,2.082624113,1.225006987,2,0.057858051,1.325199468,0.348641559,0.520569458,0.156165303,0.346276596,0.191863551,0.16618541,1.399519561,0.431902633,0.12458644,0.339977604,0,0.012198905,0,0.328523936,0.354157742,Dangerous
0.352335922,0.386032335,0.372607656,1.066549852,0.289300892,0.064591493,0,0.072982375,1,0.79830516,0.113407658,0.18452381,0.248808354,0.241518685,0.348674367,0.144066707,0.434550105,0.330143541,0.078634313,0,0,0.018784787,0.598822584,Safe
3.764944659,0.859526079,1.22530731,1.00716732,1.189194898,0.531017195,0,2,0.399871285,0.590718206,0.053139923,0.586113759,0.36148817,0.496391121,0.143325441,0.125333037,0,0.096934424,0,0,0,0.357125834,0.517850853,Dangerous
0.815468756,0.858157935,0.149213199,0.960750128,0.59504346,0.165255578,0.105226987,0.506385799,0.244874724,0.202597685,0.204980174,0.210625262,0.1861035,0.06246355,0.28071238,0.772513614,1.513598087,0.629000575,0.150887812,0.247154977,0,0.594355229,1.172515014,Safe
1.072044872,0.923961053,1.278905474,0.911518387,0.84515671,0.046187107,0.412869733,0.082146411,0.310011533,0.143759573,0,0.407834611,1,0.280160251,0.076182574,1.113221811,0.85451165,0.16487711,0.067161979,0.205371006,0,0.851834279,0.826000538,Safe
0.23508576,0.472496982,0.067269647,0.437939433,0.678576925,0.013505893,0.06097971,0.10980045,0.133918619,0.193652862,0.113526231,0.157327836,0.547444949,0.065035244,0.172842444,1.138546534,0.600029271,0.258019745,0.008421617,0.32533298,0,0.421907932,1.374223135,Safe
0.512073675,1.005175983,0.58213196,2.026570048,0.260757828,0.168187511,0,0.190036232,0.736829131,0.244765923,0.240746172,0.262077295,0.737223753,0.377329193,0.2042777,1.289482441,0,1,0,0.055395992,0,0.972146739,0,Safe
0.244805141,0.375705883,0.027708277,0.218567336,0.304082558,0.020871163,0,0.070585889,0.061349044,0.117527568,0.109754339,0.053238688,0.153463207,0.02565727,0.114594807,1.417484554,0.310161609,0.157824717,0.173597498,0.077689501,0,0.555141353,1.792308945,Safe
1.536842579,0.578665077,0.047874976,3,1.215212285,0.304301123,0,0.476676103,0.203872881,0.115487915,0.308522461,0.344854986,0.162598218,0.49650945,0.391998923,0.878655915,2.372933617,0.696882253,0.012629289,1,0,0.567193087,0.524072562,Moderate
2.046100191,1.600903357,2,0.619404923,1.161097112,0.10872383,0.079280712,0.440061462,0.135045477,0.303687302,0.224863105,0.747573187,0.345084393,0.222600368,0.122511748,0.537087334,3,0.218296831,1,0.282038314,0,0.614093671,0.797035122,Moderate
1.473960538,0.872036777,0.600031449,1.028968468,1.212476831,0.277374349,0,0.519080667,0.277123678,0.390304712,0.377157893,0.648325657,0.455935218,0.28521634,0.112298061,0.5988417,1.836924923,0.180833011,0.469583793,0.258850238,0,0.582316694,0.598257541,Moderate
0.863189583,0.226643677,0.987150495,1.577896241,0.87207759,0.147495225,2,0.168235551,0,0.337608827,0.277574689,0.287564377,0.245126954,0.167805405,0.052073802,0.354624027,1.573099386,0.343875078,0.034465715,0.798471088,2,0.417313571,1.140609446,Moderate
0.798900846,0.152545036,0.706752585,0.364505268,0.140702171,0,0,0.153812317,0.456869627,0.214085514,0.040808285,0.424242424,0.176296909,0,0.330678271,0.783001156,0,0.234295416,0.062146473,0.056045799,0,0.044538123,1.783865099,Safe
0.096337843,0.166032101,0.205130445,0.654608646,0.826967691,0,0.069437049,0.100446856,0.309722693,1,0.095840814,0.473295031,0.47528182,0,0.011997158,0.004345374,0.224279451,0.143733096,0.121753926,0.183003038,0,0.029085541,0.818750231,Safe
0.589840197,0.399522712,0,0.71599249,1.437172175,0.320873869,0,0.120852535,0.239710084,0.306345003,0.290139465,1,0.213106154,0.959842001,0.086606214,0.465621952,0,0.167353869,0,0.088071969,0,0.396601382,1.428834758,Safe
0.801195065,0.285420341,0,0.511507392,0.789785026,0.764111162,0,0,0.727946698,0.397684354,0.547208301,0.893004115,0.114182804,3,0.154679411,0.384335206,0.963878627,0.059779077,0,0.094378357,0,1,0.511116238,Safe
0.954866728,0,0,0,0,0,0,0,0.18821122,0.29639545,1,0,0,0,0,0.618743498,0,0,0,0,0,0,1.753442619,Safe
0.020662107,0.181920375,0.280950244,0.081505768,0.062923856,0.010146394,0,0.028661202,0.018136385,0.128484841,0.243083434,0.063242259,0.082885484,0,0.07394183,1.353076275,0.204784705,0.19050906,0.24087022,0.010025766,0,0.495737705,1.927318762,Safe
0.570506386,0.349189779,0.116427149,0.377232501,0.517911888,0.069491879,0.001858946,0.102535426,0.195074021,0.243584096,0.111782599,0.083960577,0.454493895,0.402417356,0.181016229,2,0.632388564,0.496232649,0.648742649,0.438531006,0,0.624907649,0.364316402,Safe
0.938184447,0.469668207,0.215277703,1.008704557,1.450606934,0.828706465,0,0.847158218,0.517287953,0.422553221,0.017436792,0.385571055,0.156559058,0.847428073,0.300382563,1.265489104,0.092373052,0.522724688,0.040797531,0.04720686,0,0.338124086,0.342336083,Safe
0.991344581,0.309498075,0.1206169,1.781406477,1.854093975,0.495922448,0.029609819,0.327123765,0.289836773,0.371433998,0.409711569,0.153057953,0.195849997,0.48469306,0.401481005,0.802266427,0.509465736,0.562215172,0.010714805,0.485972818,0,0.654541374,0.311580554,Moderate
1.157714855,1.071274365,0.533102001,0.765398986,1.154353702,0.675136657,0.149870817,0.56585776,0.131553956,0.18984168,0.546962698,0.151820394,0.20383058,0.208135896,0.262494529,0.839269513,2.500786698,0.100212812,0.024637388,0.136871557,2,0.26874674,0.989264605,Moderate
0.871796948,0.596220902,0.054656911,1.37740408,0.234726656,0.240457708,0.057248141,0.255195701,0.344841485,0.18905936,0.133548782,0.04397149,0.106066585,0.157779401,0.180204163,1.016639864,0.483123925,0.673263799,0.148120765,0.129249266,0.106106457,0.468805151,1.114980561,Safe
0.634721792,0.251830291,0.074689512,0.595886267,0.322099679,0.215636642,0,0.202564601,0.528847655,0.502802937,0.190562613,0.230263158,0.235851756,0.882032668,0.651284899,0.461354214,0,0.155448591,0.148622221,0.049299994,0,1,0.645008762,Safe
0.345439071,0.127117892,0.032658602,0.183009685,0.41371964,0.162760587,0.010689661,0.210578048,0.184868338,0.294685314,0.084537469,0.14934861,0.119456735,0.349965281,0.050683171,0.548093238,0.087583814,0.115802739,0.053381592,0.341500936,0,0.339281718,1.657526452,Safe
0.61997741,0.378144452,0.192289005,0.752818844,0.557810718,0.13979791,0.477910736,0.213177472,0.352789326,0.45647458,0.150732213,0.215308163,0.266458289,0.149676295,0.068594823,0.651454307,1.069818535,0.183144287,0.454893802,0.370762959,0,0.252825379,0.901889094,Safe
0.304098448,0.194502896,0.25145602,0.539752855,0.440540747,0.036299027,0,0.058168123,0.244391428,0.030363445,0.28819471,0.151722294,0.093119055,0.06598946,0.303055548,0.609966419,0.048553528,0.399778471,0.110794914,0.162095143,0,0.360509777,1.831526271,Safe
0.840364189,1.341333253,0.316766602,0.75214897,1.684096939,0.032662114,0,0.141498693,0.281506468,0.121183485,0.38389378,0.085798817,0.210512161,0.363688844,0.343502221,0.003826854,0.101940531,0.879033231,0.781150933,0.050495657,0,0.101022201,1.534923243,Safe
1.471728047,0.967871604,0.439107945,1.374139433,0.774789944,1.000758413,0.133354723,0.562590029,0.152570642,0.344326155,0.485828475,0.127199978,0.216501728,0.20195798,0.14296636,0.514660161,1.637470101,0.216697833,0.056621103,0.150237782,0.65910948,0.300185582,0.899270799,Moderate
0.495797789,0.411614986,0.095096988,0.212521222,0.212215419,0.116512929,0.226126329,0.300971111,0.209827114,0.2185375,0.350182652,0.058019709,0.233651,0.255067539,0.035172925,1.146564688,0.439253443,0.272142665,0.015106628,0.147860905,0,0.042912475,1.358555704,Safe
0.133930721,0.107635957,0.136065408,0.357097993,0.123932866,0.083211449,0.127977852,0.172409636,0.15788898,0,0.403147911,0.041190442,0.297755506,0.139546815,0.111588443,1.27017605,0.050331049,0.459864094,0.098697815,0.291837035,0,0.004403612,1.60255216,Safe
0.425367043,0.397400579,0.116670164,0.931457798,0.184120766,0.052652933,0.066967243,0.238731101,0.237877837,0.17490106,0.079023099,0.038649588,0.073877498,0.042154783,0.113765182,1.244972742,0.831460418,0.610279419,0.183130964,0.124882153,0,0.234305479,1.402229298,Safe
0.496749036,0.285995031,0.085832108,0.489131352,0.291726281,0.23470817,0.181488299,0.352462838,0.370686454,0.555771682,0.25907078,0.130493044,0.30720861,0.357019209,0.196463879,1.051806132,0.427590692,0.345270024,0.240088283,0.291029144,0.024994116,0.53922943,0.400565652,Safe
2.549699491,3,0.228315789,0.867401977,2,0.047083729,1.008871948,0.072848557,0.051324102,0.142665153,0.138696255,0.20110957,0.268724097,0.6740638,1.497493111,0.658972116,0,0.277191501,0,0.025071349,0,0.009839696,1.08274829,Dangerous
2.910375832,0.708661694,0.680581638,2.391698454,1.307000596,2,0.222764797,0.882182847,0.318392731,0.557460791,0.02411714,0.119896641,0.405401301,0.781395349,0.537195304,0.416297087,0.657065991,0.560686065,0,0.052376231,0,0.332417296,0.256618405,Dangerous
0.432584644,0.299243645,0.555865792,2.172145269,0.12842035,0.229263463,0,0.126685503,0.976122389,0.915198609,0,0.20984081,0.355617657,1.041968162,0.437953214,0.13279969,0,0.468270448,0,0,0,0.118639611,0.225017981,Safe
4,1.361610702,1.193948749,1.304091295,1.247004673,0.984873789,0,2,0.273841068,0.713571305,0.042308855,0.23662738,0.317040122,1.958295558,0.538661364,0.214927395,0,0.05176922,0.084849987,0.01879261,0,0.240125448,0.066910958,Dangerous
0.787491206,0.465072181,0.112254975,1.166873528,0.591679392,0.307373127,0.155136152,0.58899256,0.2519695,0.212135363,0.193842501,0.085969465,0.244193596,0.065464464,0.23076947,0.777524735,1.834369381,0.870712734,0.218940515,0.106361988,1.089613145,0.527682696,1.024171559,Moderate
0.913861905,0.914271324,0.846999745,0.86199762,0.817706604,0.074102401,0.302439264,0.116290086,0.311645638,0.208222174,0.000623675,0.127058126,1,0.44455532,0.028738345,1.096990055,0.859033668,0.18637328,0.087554137,0.20574184,0.298962918,0.861029218,0.560301678,Moderate
0.305416726,0.389511394,0.091587125,0.477882948,0.615579643,0.017691879,0.073616539,0.116705602,0.13523882,0.216775023,0.08296242,0.07087019,0.678329868,0.085187898,0.101200101,1.025843633,0.587991507,0.34611326,0.010216335,0.412258265,0.101278342,0.415296806,1.141883161,Safe
1.071505395,0.743079524,0.468323425,1.779222832,0.50491301,0,0,0.336212152,0.55466366,0.318051991,0.113798009,0.20625889,0.497432795,0.307254623,0,0.92183286,0,0.379051821,0,0.067633184,0,0.524765108,0.592183557,Safe
0.328187171,0.35044063,0.022100218,0.191852395,0.269839454,0.043296727,0.002893496,0.079329385,0.066767962,0.116670746,0.082252593,0.018882743,0.134245282,0.091346025,0.068564773,0.595368558,0.265996343,0.150638171,0.267628428,0.066310856,0,0.685256175,2,Safe
1.402022203,0.430901255,0.04178063,3,1.182428739,0.310179001,0.027350881,0.473247522,0.187273508,0.139569179,0.260575296,0.08464467,0.201498158,0.65786802,0.307169772,0.776222626,1.882394002,1,0,1,0,0.477763012,0.473929482,Moderate
1.547760683,1.284614577,2,0.647059022,1.159180697,0.116542804,0.072972437,0.418532887,0.136377704,0.318806883,0.198108676,0.286458374,0.382659894,0.472815175,0.038364946,0.498945001,3,0.314130434,1,0.340109239,0,0.538873794,0.68952959,Moderate
1.168373481,0.83446828,0.782765971,1.092883183,1.118197447,0.250206472,0.025621129,0.490147295,0.235792705,0.437173174,0.387541607,0.163754161,0.577499843,0.359486448,0.132314639,0.650343008,2.015252325,0.346192809,0.62860304,0.353398209,0,0.589233856,0.272404785,Moderate
0.751111417,0.322402957,0.9700066,1.590786317,0.883446595,0.176590966,2,0.164397394,0,0.386282368,0.23364486,0.110584553,0.270403976,0.428495856,0.00858959,0.580912464,1.385663654,0.513800047,0.043320848,0.910994624,0.070439832,0.422420976,0.753805216,Moderate
0.21224804,0.193189684,0.243514325,0.55508594,0.328174784,0,0,0.194244858,0.563755637,0.28503077,0.098619329,0.064349112,0.209716489,1.278106509,0.489573497,0.757765688,0,0.394191464,0.276892118,0.082921001,0,0.02798588,1.331307811,Safe
0.137696425,0.219331474,0.42128134,0.380119632,0.922584773,0.021719366,0.103418877,0.28563812,0.258790434,1,0.093836639,0.273672425,0.701434344,0.207293666,0.007287858,0,0.677875182,0.121777456,0.194603961,0.270006401,0,0.042363783,0.635389142,Safe
0.742136249,0,0.378426859,0.862616311,1.83596817,0.780399274,0,0.301860974,0.428173428,0.25828369,0.122605364,1,0.217269497,0.496551724,0.414668215,0.487136964,0.487135131,0.218779499,0.107574179,0.092489421,0,0.347925608,0.983378278,Safe
0.747289973,0.34009434,0,0.651455026,0.462179487,1.885964912,0,0.091187169,1,0.487101786,0.555555556,0.453125,0.098450241,3,0.656214414,0.347968712,0,0.132179281,0,0.054275246,0,0.853958035,0,Safe
0,0.816226415,0,0,0,0,0,0,0.081044452,0.468888452,1,0,0,0,2,0.347968712,0,0,0,0.100936764,0,0,1.271844142,Safe
0.229591969,0.167181002,0.105365277,0.120089,0.170396022,0.028971511,0,0.016809412,0.045565642,0.197814039,0.275940545,0.01856198,0.072593137,0.092169831,0.134686109,1.396246816,0.135632888,0.227414918,0.389374002,0.029996224,0,0.421800414,1.522496544,Safe
0.647235503,0.189202753,0.143385789,0.341290743,0.520436354,0.073403508,0.001529885,0.110348189,0.181498893,0.205721304,0.095497156,0.124081171,0.462578791,0.166317317,0.570916173,2,0.760217885,0.440690469,0.987425294,0.50757943,0,0.586055075,0.427581117,Safe
1.264886934,0.240638185,0.162697175,1.514485813,1.292575095,0.529133858,0,1.032370954,0.466567069,0.405515196,0.058481721,0.448381452,0.144288425,0.568678915,0.818022747,1.245462935,0,0.551568349,0.02280696,0.068594637,0,0.291447944,0.402892386,Moderate
1.290268671,0.167601562,0.4476382,2.360689724,1.891403207,0.499191732,0.011830883,0.344672644,0.245083987,0.280684035,0.48163373,0.360518528,0.19755645,0.330153262,0.713307716,0.867681863,0.479519098,0.305136717,0.011513783,0.519435999,0,0.515864472,0.508212977,Moderate
1.179065375,0.662982694,0.436779912,0.979666079,1.004724304,0.473968196,0.031824339,0.513899957,0.115932129,0.131739672,0.610199874,0.302961067,0.215397605,0.093858527,0.671952111,1.130177914,2.325746685,0.136519719,0.00571779,0.117154085,2,0.281352815,1.075940287,Moderate
1.017498249,0.337305306,0.10546482,1.547793585,0.231270877,0.189639001,0.012659393,0.293080307,0.346444157,0.154226307,0.160977621,0.081797361,0.101816622,0.181481078,0.469080598,1.12630643,0.473630359,0.591701278,0.126233502,0.140919672,0,0.438815574,1.135393323,Safe
0.566052135,0.149333135,0.525106938,0.495486761,0.21034288,0.213473175,0,0.279252387,0.526259492,0.346504188,0.236649195,0.363049617,0.22175833,0.524405002,0.822912465,0.459399479,0.175180184,0.141285156,0.147219433,0.04427799,0,0.809550222,0.940149303,Safe
0.402461636,0.00819441,0.031699503,0.061809452,0.462768565,0.150347011,0.003623835,0.279686676,0.161375612,0.22481562,0.113349423,0.231137627,0.090545087,0.301797963,0.227687812,0.677237281,0.074026586,0.11684814,0.050784571,0.370841498,0,0.318615812,1.653512426,Safe
0.750780433,0.208156675,0.259498163,0.605045891,0.674576429,0.203663004,0.230154084,0.306146998,0.359393994,0.381315332,0.190481562,0.351764637,0.23866022,0.083144369,0.233928329,0.74029639,1.132033654,0.141532009,0.413278188,0.366512881,0,0.243291761,0.918316262,Safe
0.379718771,0.00814008,0.117681468,0.740754847,0.522466601,0.02657854,0,0.050888295,0.264577208,0.058929634,0.382588121,0.232034876,0.148994064,0.100548446,0.84270848,0.703607567,0.122140817,0.396495501,0.120975352,0.18853927,0,0.341064899,1.667200874,Safe
0.630609624,0.73663222,0.199465842,0.918166514,1.536054967,0.063461269,0,0.162887656,0.294522193,0.107054696,0.472758049,0.141071678,0.227938189,0.18794012,0.737303549,0.132422512,0.091135687,0.805256865,0.858287499,0.064352217,0,0.092075502,1.58643653,Safe
1.786456362,0.64974848,0.444505811,1.610380548,0.860283198,1.029239523,0.046396462,0.630330744,0.15816518,0.311195916,0.558833028,0.290992232,0.211388597,0.06417418,0.35334771,0.746234768,1.709375639,0.155608224,0.02031881,0.163166981,0,0.215110161,0.877191393,Moderate
0.542258591,0.178661404,0.084804719,0.144564314,0.244998314,0.111576538,0.089579359,0.34256781,0.187715924,0.158022565,0.402017157,0.082914615,0.29835091,0.133658359,0.184650847,1.193751408,0.451893731,0.265430206,0.012104107,0.162975308,0,0.034627216,1.452596204,Safe
0.143792184,0,0.157639216,0.231454749,0.102097116,0.084286372,0.064581979,0.251953684,0.153201004,0,0.568518244,0.090758316,0.388187508,0.064682576,0.311711048,1.327418137,0.054018867,0.423406084,0.125862141,0.288893647,0,0.004416981,1.560522078,Safe
0.471477971,0.221515924,0.142422129,1.031781967,0.197958225,0.053416738,0.024044045,0.307069988,0.235776707,0.138463936,0.109527353,0.065592482,0.082031933,0.024408803,0.381770478,1.374631594,0.796076764,0.585975622,0.200936005,0.127608475,0,0.231000415,1.371185242,Safe
0.585125484,0.121850294,0.107373801,0.443973753,0.291306766,0.276584895,0.092386851,0.445373271,0.348884036,0.450650339,0.342388915,0.219077499,0.318437259,0.179349742,0.550286908,1.149168687,0.483739598,0.29582819,0.276791542,0.294694311,0,0.495951857,0.457083157,Safe
3.131453024,3,0.114122658,0.343308646,2,0.069591899,2,0.106208448,0.077208168,0.205718132,0.17995414,0.14575023,0.285228138,0.159558147,1.643142068,0.878279519,0,0.376146258,0,0.036086378,0,0.002493096,0.750818404,Dangerous
2.331682332,0.532213534,0.715585844,2.968133756,1.08685586,2,0.021473706,0.847586981,0.432326406,0.443291728,0.132925345,0.204425204,0.788466304,0.75036075,1.471861472,0.452838102,0.208884885,0.379054006,0.025077783,0.071653185,0,0.265752766,0.274158839,Moderate
0.877805314,0.170864924,0.35710585,3,0.083443751,0,0,0.075532085,1,0.789348643,0.003793017,0.240038406,0.316700278,0.99855977,1.550648104,0.309817126,0,0.554878289,0,0.007527957,0,0.132621219,0.064630164,Moderate
4,1.035997998,1.260765229,0.72791546,0.626022599,0.448474576,0,2,0.443315557,0.594917496,0.106406248,0.275423729,0.287998807,0.881355932,0.360169492,0.334577785,0,0.118727424,0.044183653,0,0,0.296080508,0.251729613,Dangerous
0.937677727,0.440285077,0.074558667,1.208317907,0.634314769,0.340304709,0.034171182,0.730009234,0.238178073,0.170889746,0.302935017,0.145338242,0.230062768,0.071074501,0.636663508,1.03469044,1.824238617,0.885636005,0.228986501,0.104020031,0,0.558379046,0.881406873,Moderate
0.902889311,0.56918557,0.883236614,1.002422525,0.922653405,0.078149359,0.114749612,0.121319811,0.317832229,0.217970673,0,0.229793535,1,0.246975666,0.227977538,1.201224626,0.806835596,0.208916548,0.069917641,0.212695117,0,0.635826139,0.607582668,Moderate
0.372182756,0.21966277,0.079946421,0.515048602,0.63543969,0.036055619,0.024290661,0.164445937,0.138795666,0.183741335,0.091393323,0.138543696,0.800251341,0.048901726,0.385403372,1.005716298,0.640307872,0.29138144,0.009806058,0.430280098,0,0.387284208,1.149089084,Safe
0.57376717,0.463104244,0.836414713,2.695444261,0.586326837,0,0,0.283058471,0.557257689,0.294003832,0.1884252,0.262368816,0.509503137,0.584707646,0.127436282,1.081368058,0,0.341319095,0,0.082282712,0,0.414167916,0.58363423,Moderate
0.401954683,0.223029461,0.030140896,0.098250782,0.319446921,0.038510252,0.008528003,0.090162891,0.077381442,0.058284449,0.115097386,0.037770471,0.145224332,0.05568612,0.321295021,0.745680375,0.261436808,0.15611178,0.264072738,0.089679921,0,0.540164772,2,Safe
1.373299347,0.264420706,0.087040895,2.755366589,1.149128637,0.247694828,0.020895781,0.471300413,0.18765604,0.10448204,0.278550289,0.245728996,0.198829038,0.3042359,0.457523988,0.970142466,1.829368166,1,0.04880572,1,0,0.385999298,0.593948485,Moderate
1.414983646,0.689578203,2,0.724042112,1.294999445,0.219869824,0.024363392,0.45422673,0.133981421,0.235155981,0.250726211,0.605458611,0.558706542,0.291565175,0.151605905,0.540353964,3,0.293934487,1,0.39917214,0,0.413933867,0.814776821,Moderate
1.187210755,0.537128461,0.968657523,0.820268157,1.145295691,0.362287738,0.027905304,0.56711463,0.24324261,0.268280531,0.40090946,0.424523388,0.725772596,0.528180019,0.327638296,0.7007829,1.583447096,0.266360567,0.342182807,0.378173759,0,0.514636941,0.551413663,Moderate
0.866158753,0.190474472,0.903422496,1.906172068,0.964415181,0.136095287,0.633035079,0.165671212,0,0.276609775,0.385280604,0.207146556,0.296522626,0.203570812,0.126815615,0.646784188,1.207470383,0.492534649,0.063642504,0.957061885,0.240922366,0.380993995,0.808959102,Moderate
0.79038146,0.531542848,0.230437263,0.152634191,0.646146221,0.468401487,0,0.350929368,0.497047431,0.204495186,0.17648689,0.21685254,0.284870895,0.161090458,1.158612144,0.931402556,0.269065475,0.455710281,0.129211179,0.174878074,0,0.040272615,1.103878312,Safe
0.22177544,0.091973511,0.408373036,0.335595154,0.620250709,0.041504255,0,0.319590081,0.221515343,1,0.181686001,0.260774087,0.466426836,0.07136975,0.209991765,0.162559067,0.059603579,0.153827462,0.157426247,0.241043399,0,0.03345457,0.528973171,Safe
1.000529942,0.026840775,0,1.157723841,0.920188235,0.177882353,0,0.222117647,0.284240664,0.359256912,0.769585477,1,0.235182417,0.305882353,2,0.446608356,0,0,0,0.055343767,0,0.229411765,0.948404501,Safe
1.962577963,0.622073816,0,0.162775765,0.167128205,0.872307692,0.17170706,0.242051282,0.801972479,0.266941932,1,0.480769231,0.230659678,3,0.980769231,0.584026311,0.835137839,0,0,0.090465773,0,1,0,Dangerous
0,0.857603911,0,1.267000012,0,0,0,0,0.143580844,0.717134908,0.149570311,0,0,0,0,0,0,0.62543911,0,0.280013106,0,0,1.291099188,Safe
0.286063666,0.123407346,0.073590372,0,0.171956206,0.014958449,0.017666734,0.049808732,0.056400387,0.244248081,0.240449055,0.029679462,0.088996116,0.0257222,0.30273051,1.358028732,0.085926331,0.308388259,0.330109763,0.026372426,0,0.429239216,1.442243957,Safe
0.405629388,0.218542826,0.170198342,0.543351486,0.346222663,0.045151879,0.001938573,0.096024825,0.237723986,0.195807057,0.076096469,0.217233908,0.517942468,0.790470202,0.334626264,2,0.702889015,0.406893856,0.573254038,0.406993396,0,0.456186134,0.433860586,Safe
0.935420876,0.314432964,0.155790292,1.370988742,1.233045278,0.433960498,0,0.919520863,0.558080634,0.297103167,0.053534969,0.71252465,0.130485227,0.157501723,0.238951856,1.476112462,0,0.467725991,0.012190892,0.02268905,0,0.278573434,0.449015699,Safe
0.811271563,0.157741912,0.246180385,2.089431728,1.579377263,0.430488405,0.04383742,0.294284598,0.308490339,0.215098258,0.345299365,0.501562492,0.206608105,0.637986374,0.503097437,0.792846539,0.437696332,0.367816172,0.001085301,0.464078528,0,0.269343991,0.80278671,Dangerous
0.77156472,0.485828206,0.581893614,0.82251054,0.897311937,0.411521158,0.015453459,0.35861087,0.132425593,0.121308684,0.467714734,0.433564804,0.247205564,0.210319863,0.37322205,0.95864934,2.235538952,0.125594432,0.004954509,0.102214422,0.355800924,0.238042295,1.294791996,Dangerous
0.672526994,0.288646987,0.064706181,1.473283491,0.120154582,0.177380844,0.010440958,0.268576104,0.426681852,0.144477964,0.157407568,0.129235257,0.120865541,0.516067522,0.345951372,1.199939567,0.467003049,0.485964888,0.070324775,0.11106847,0,0.34612045,1.149007074,Safe
0.504692067,0.183941455,0.741850418,0.84785018,0.431385714,0.080511271,0,0.231779807,0.597258768,0.367022226,0.263434578,0.674283543,0.423648701,3,0.60249234,0.424537714,0.165308141,0.179979172,0.126657227,0.014564062,0,0.533393181,0.773061741,Moderate
0.195710358,0.079357378,0.052276975,0.234092881,0.334174583,0.15215777,0.003572635,0.295051589,0.205742745,0.25274943,0.103351824,0.370795368,0.104281238,0.573813706,0.156344091,0.585416029,0.049425008,0.103138628,0.028518541,0.345918862,0,0.25341803,1.668470576,Safe
0.462208377,0.224552155,0.307403207,0.883535751,0.52296501,0.159556161,0.146714102,0.277100717,0.408833865,0.390052743,0.151417723,0.542333143,0.229885366,0.270243633,0.129220139,0.533476195,1.236710631,0.121215577,0.316374165,0.307320542,0,0.152011475,1.053835628,Safe
0.205975954,0.085167947,0.066157369,0.870526654,0.338882948,0.031591572,0,0.039542335,0.332866249,0.065726036,0.317746826,0.385611367,0.196314699,0.294290212,0.553468593,0.601045825,0.048648568,0.325520876,0.084901849,0.163566223,0,0.220671334,1.805307216,Safe
0.284544397,0.558123583,0.278228275,0.823678796,1.268494897,0.010714517,0,0.089854219,0.344459553,0.119155649,0.612751985,0.166103913,0.210483742,0.417390268,0.687404319,0,0.230993335,0.69984166,0.415773065,0.040323086,0,0.090428047,1.632501782,Safe
1.403455995,0.553310123,0.535371572,1.584484404,0.723568713,0.791302214,0.040834332,0.543558185,0.175976845,0.298094777,0.471713263,0.273533552,0.257378765,0.231965522,0.240691303,0.468234634,1.558330264,0.108032689,0.017206407,0.144765561,2,0.215330001,1.036121954,Dangerous
0.347151597,0.233320376,0.117443698,0.270990308,0.145471386,0.15578306,0.061434814,0.349897891,0.252355986,0.19195386,0.333929393,0.130777068,0.318262397,0.345940667,0.101232301,1.072477173,0.460240727,0.236275053,0.009984411,0.13505719,0.0155551,0.028519157,1.47279103,Safe
0,0.079152226,0.158811176,0.397905548,0,0.060535567,0.07625826,0.203831695,0.173438503,0,0.515990391,0.154691965,0.365942445,0.15548561,0.19406153,1.253732644,0.063512577,0.382691148,0.067499761,0.258626267,0,0.00212694,1.688722245,Safe
0.275516686,0.222887075,0.182634771,1.101872754,0.087950718,0.057001337,0.01896676,0.298855026,0.277972752,0.146332606,0.09477207,0.10855484,0.073271033,0.085079723,0.247674294,1.273965421,0.883262437,0.481199125,0.106205638,0.096160895,0,0.184960582,1.483272096,Safe
0.355397516,0.179695416,0.099525616,0.58540112,0.175036326,0.28936401,0.041974026,0.406089658,0.413484187,0.448796072,0.322399524,0.358583899,0.391371898,0.734246407,0.370105849,1.025410779,0.42856538,0.270613269,0.153095249,0.262710371,0,0.384542158,0.426401139,Safe
1.817353572,3,0.220869605,0.879293296,2,0.021972918,2,0.057756132,0.103410643,0.1775302,0.10137666,0.281908549,0.531856852,0.334943945,0.757058935,0.599997597,0.067673174,0.262481942,0,0.044003888,0,0.003797536,0.715814061,Dangerous
1.766172547,0.478692163,0.478661977,2.941945027,0.870238156,2,0,0.774845537,0.384560381,0.519983123,0.024258798,0.543061105,0.496368185,1.613067692,0.746536884,0.585350166,0.195545695,0.359269252,0.049941633,0.084231216,0,0.175571337,0.26895387,Moderate
0.495240205,0.101431366,0.557837336,3,0.089037627,0.14798854,0,0.083355004,0.934957752,0.711558777,0.003362476,0.672444253,0.317047332,2.819827232,0.551066344,0.360780055,0,0.604782954,0,0.000801949,0,0.169444767,0.194976231,Moderate
4,0.788860935,2,1.224938955,1.365480525,0.367324301,0,2,0.571950304,0.516481763,0.023383791,0.523633795,0.28532594,1.24428982,0.71865617,0.195905052,0,0.19245381,0.024077518,0.006816216,0,0.232774436,0.063302985,Dangerous
0.648321105,0.502990024,0.273694625,1.519694701,0.545558067,0.395456382,0.03729752,0.654837236,0.283721023,0.172122925,0.339577267,0.237046818,0.242493601,0.171291276,0.955069043,0.863780689,1.601297186,0.755949388,0.143800753,0.19287373,0,0.396070379,0.817242083,Dangerous
0.639732208,0.546157673,0.76453444,1.134511606,0.717972765,0.083351987,0.109149613,0.130672671,0.394407291,0.231189412,0,0.262891923,1,0.825873849,0.104201781,1.137253813,0.82147576,0.169443352,0.040157378,0.18811382,0,0.51229773,0.614534693,Dangerous
0.183482815,0.220064815,0.066055315,0.694588364,0.529616038,0.031153421,0.016092477,0.151527911,0.15217577,0.18158958,0.064963423,0.191779656,0.885288059,0.126141821,0.22965192,0.99000484,0.65814125,0.257076962,0.003637414,0.378764402,0,0.307992183,1.206283832,Safe
0.313107072,0.193456016,0.75995785,2.123109767,0.127018259,0.100804523,0,0.264966147,0.601891531,0.267416081,0.164842211,0.323325936,0.697138394,0,2,0.968860484,0,0.401393618,0,0.032836398,0,0.348436951,0.648817663,Safe
0.230769554,0.265485085,0.029280995,0.251105728,0.218382237,0.04161401,0.011792066,0.103445091,0.098175161,0.071247662,0.11245894,0.051387894,0.146961553,1.266570976,0.189741213,0.805261988,0.265300902,0.148696515,0.159408628,0.051088524,0,0.443319041,2,Safe
0.891146769,0.200385876,0.069311498,2.962645301,0.997663003,0.179279408,0.017762935,0.4919523,0.205976428,0.090156327,0.261449583,0.309631846,0.190746262,1.611677116,0.535473259,1.252128509,0.679572596,1,0.021695035,1,0,0.232383808,0.449721431,Moderate
0.820567976,0.505334446,1.633708217,0.857951375,1.186967674,0.136292134,0.014208442,0.342876102,0.156308574,0.222378226,0.183524039,1,0.610589851,0.929263522,0.054220659,0.437557595,3,0.26966264,0.577809708,0.345647107,0,0.38011763,0.917926412,Dangerous
0.757440845,0.494343907,0.83524425,0.761284447,1.018726043,0.132949054,0.007135126,0.449303803,0.244998792,0.287641274,0.407133591,0.759574988,0.57839884,1.308850702,0.076455756,0.724701832,1.868172385,0.20896972,1,0.265902182,0,0.423644407,0.487794126,Dangerous
0.480798351,0.331463762,0.856036023,1.663531291,0.789168947,0.128440447,0.316186155,0.160678139,0,0.246391186,0.36451264,0.326886787,0.308330814,0.52493901,0.058978958,0.567182441,0.969592719,0.350515836,0.025806264,0.939876527,0.094095819,0.228556084,0.942580251,Dangerous
0.200450644,0.25161189,0.419326705,1.054333422,0.675896389,0,0,0.438606094,0.474689609,0.203859423,0.128364142,0.535210732,0.238324695,0.42393321,1.064454966,0.846155183,0.513917145,0.419645315,0.098439376,0.200040632,0,0.028838886,1.255761519,Safe
0.036375873,0.143701747,0.282253488,0.394268667,0.415084679,0.018719741,0.032148908,0.161673933,0.344471477,1,0.153044436,0.370263441,0.599460525,0,0,0.041659566,0.172961685,0.074540153,0.014724587,0.074330232,0,0.017794128,0.518685011,Safe
0.66282115,0.100621939,0,1.159503838,1.595790085,0.18350948,0,0,0.665344779,0.180811286,0.42396707,0.980997228,0.662141638,0.932441623,0.932562302,0.403936149,0,0.153835066,0,0.055932198,0,0.158577914,1.037690358,Safe
0.165677468,0.162699184,0,0,0.55074814,0.593445981,0,0.445680386,1,0.319428498,1,0.634483691,0.089220026,1.507697947,0.747659239,0.275125773,0,0.124370688,0.116698292,0.13119711,0,1,0,Safe
0.250790223,0,0,1.631442242,0.327824951,0,0,0,0.153592216,0.0696554,0.895016529,0,0,0,1.32549241,0.885310021,0,0,0,0.060005349,0,0,1.792916988,Safe
0.129407143,0.141534267,0.111198483,0.124262989,0.044578438,0.147499101,0.0189984,0.055386217,0.077129073,0.187949642,0.23419047,0.10250428,0.117529367,0.149893402,0.083565991,1.266391295,0.090854865,0.20092759,0.121820947,0,0,0.263841991,1.692491241,Safe
1.038281211,0.125290641,0.17844056,0.419427968,0.389277995,0.043244052,0.004539941,0.069406765,0.21920461,0.204214701,0.037501073,0.130258644,0.523521493,0.705139076,0.339708767,2,0.703135919,0.407514928,0.689587619,0.421430631,0,0.513864366,0.330749596,Safe
1.91088061,0.192337237,0.508644221,1.631381856,0.941660143,0.647756139,0,0.536069285,0.448580035,0.259819775,0.066406503,0.418289585,0.136000547,0.934801016,0.786714039,1.79386599,0,0.350810577,0.089795252,0.037047734,0,0.321337849,0.309091938,Moderate
1.829759731,0.07478427,0.152042441,1.928385794,1.762806451,0.347142625,0.011518973,0.28302176,0.294844013,0.207289953,0.098928268,0.376981903,0.219886049,0.419141974,0.548497644,0.892485004,0.714173242,0.346617017,0.006390794,0.535212448,0.088514454,0.341176577,0.616366217,Moderate
1.961490592,0.393108885,0.474972935,0.483548358,0.940256868,0.406984406,0.015795749,0.303196067,0.14244194,0.174606461,0.2113736,0.250839902,0.241127778,0.154916172,0.326078937,0.906228192,2.447880545,0.08437228,0.003450657,0.138643809,1.234643825,0.253478781,1.181779278,Moderate
1.612799299,0.197424224,0.088872631,1.237427475,0.199727957,0.199552268,0.009450006,0.248278051,0.406457054,0.149449757,0.056088463,0.084017909,0.147060947,0.365349426,0.395670243,1.474863883,0.579004942,0.444418151,0.104596232,0.11701461,0,0.36736422,0.983083951,Safe
1.349251248,0.082967531,0.879573655,1.016131485,0.393959753,0.101830283,0,0.229834334,0.518113268,0.542193301,0.050021976,0.449916805,0.486577479,2.479866889,0.503118241,0.419010622,0.231984327,0.175906475,0.117635267,0.047040617,0,0.50515807,0.46603817,Safe
0.67744372,0.011262254,0.062583071,0.233326664,0.419840083,0.163383485,0.002897517,0.283816792,0.196782007,0.281321843,0.040033383,0.28351406,0.097515156,0.570292491,0.070279139,0.579145414,0.048417763,0.090171772,0.034986338,0.321770345,0,0.310186399,1.60641451,Safe
1.289761511,0.161269686,0.3333176,0.692201113,0.584409822,0.208157712,0.160257276,0.278001758,0.379861458,0.415344024,0.062509881,0.382400541,0.276979426,0.171797471,0.117014458,0.480939246,1.161255614,0.114588428,0.380344405,0.313286411,0,0.19008163,0.923504463,Safe
0.718174991,0.037203109,0.234599016,0.891167143,0.404140599,0.0229816,0,0.036309164,0.305489416,0.033653007,0.134582455,0.228464138,0.219626786,0.041457003,0.60035529,0.667975321,0.017451819,0.341201183,0.098229644,0.143573856,0,0.319218926,1.801503611,Safe
0.825051195,0.391917928,0.251491294,0.696218741,1.425173546,0.003481229,0,0.072286689,0.373070161,0.165308141,0.203454437,0.156177474,0.239434802,0.464709898,0.641567623,0,0.126891996,0.631919795,0.596797566,0.060037885,0,0.162334471,1.487949228,Safe
3.343145635,0.558946045,0.667525567,1.251045646,0.792498527,0.841916871,0.042954444,0.479670812,0.187063267,0.361675491,0.187526526,0.328507319,0.26926165,0.110588738,0.315106361,0.823473223,1.831110041,0.105328093,0.078373758,0.127663605,0.78469922,0.309279838,0.520510365,Moderate
0.971359723,0.156107456,0.141615306,0.235835697,0.238729643,0.155805643,0.078317149,0.313444099,0.254040086,0.242089379,0.141844423,0.089419734,0.419720192,0.352098596,0.077775944,1.165738064,0.457662042,0.232988152,0.016878004,0.15994355,0.07305173,0.02146566,1.256433964,Safe
0.221675439,0,0.20299532,0.301802258,0.077586182,0.072383817,0.068181308,0.161427768,0.147990654,0,0.20749729,0.077756845,0.317611639,0.153891644,0.229084453,1.203677982,0.039262132,0.306563409,0.11796173,0.227866016,0,0.002389984,1.864466642,Safe
0.878548531,0.131582162,0.135314317,0.936369255,0.178885867,0.043080544,0.022781386,0.251534678,0.26418592,0.147641206,0.034650359,0.071957336,0.097568027,0.035867964,0.179015251,1.413986911,0.959628278,0.433691882,0.123864621,0.129045357,0.023565426,0.218894215,1.412902803,Safe
1.016816301,0.10914239,0.117976062,0.475171021,0.231135778,0.298950891,0.043626199,0.382238517,0.417289814,0.473177017,0.121919404,0.246846161,0.442640869,0.660968547,0.323431625,1.095971861,0.396990451,0.228757407,0.194636158,0.259035791,0,0.430701209,0.214866301,Safe
3.51384993,3,0.168501774,0.701791453,2,0.026823282,2,0.024216416,0.114249856,0.207183811,0.050605153,0.182328191,0.372858683,0.096774194,2,0.548439206,0,0.195361808,0.024789199,0.059004982,0,0,0.503756865,Dangerous
4,0.228160033,1.177860442,3,0.820651951,2,0.012393965,0.630088448,0.311864742,0.399225886,0.021722507,0.276143791,0.511316232,1.014705882,1.534952999,0.600428292,0,0.420189951,0.014440113,0.065993023,2,0.202941176,0.385886458,Dangerous
1.15852467,0.061998087,0.939066068,2.657101542,0.157727369,0.074743527,0,0.0449863,1,0.738230197,0.000802884,0.381045432,0.330091652,1.213483146,0.777190199,0.376344584,0,0.425732271,0.01726888,0.01315347,0,0.121348315,0,Moderate
3.322946176,0.541011153,1.588276404,1.354366897,1.761528914,0.577903683,0,2,0.406739484,0.637992611,0.010825122,0.147308782,0.34517595,0.781869688,0.194455028,0.179881924,0,0.148395696,0,0,0,0.221529745,0.112808085,Dangerous
1.71555436,0.340614344,0.206918002,1.194842761,0.598547163,0.521528525,0.034292192,0.614573876,0.271704627,0.184166363,0.093244483,0.120344456,0.225951927,0.168353068,0.460788779,0.92634625,1.600833362,0.691255438,0.13317857,0.247200345,0.087836383,0.368767492,0.831048215,Moderate
1.835827824,0.458354528,0.872037569,0.932822671,0.698409227,0.081783655,0.081943476,0.110753056,0.369072218,0.252813847,0,0.171163314,0.965440346,0.489182726,0.125846615,1.206231302,0.823709156,0.128214382,0.032818403,0.200925501,0,0.638461106,0.41426656,Moderate
0.640695824,0.120568094,0.115406492,0.586492379,0.618131022,0.024341849,0.010382759,0.122458265,0.157589379,0.195355209,0.020263502,0.131432174,1,0.097763636,0.162257278,0.992952207,0.608253486,0.21314111,0.00509342,0.41911681,0,0.327176778,1.084893243,Safe
2.17264574,0.12823009,1.07750462,1.758342316,0.321741828,0,0,0.137648664,0.742856935,0.103815872,0.176973581,0.155455904,0.198690763,0.825112108,0.903927504,1.04507238,0,0.213549452,0,0.060370299,0,0.608520179,0.672038374,Moderate
0.777738979,0.180238971,0.035762414,0.210431799,0.281751329,0.042477861,0.005905138,0.150762601,0.115995054,0.097601101,0.041130573,0.031999359,0.162137229,0.556136263,0.160945642,0.767362775,0.258055468,0.101572384,0.101379282,0.056257512,0,0.534333194,2,Safe
1.854629967,0.133553175,0.087598808,2.267488078,0.791246787,0.097612104,0,0.323126853,0.213937211,0.065107119,0.098195384,0.246445498,0.22210556,1.006197594,0.746175317,1.518749612,1.228355462,1,0.032217825,1,0,0.282993073,0.207796671,Moderate
2.006264316,0.374749153,2,0.655993865,1.26225008,0.16151003,0.010354255,0.304277284,0.150175359,0.277427268,0.074460889,0.589077069,0.566716144,0.541195252,0.025224966,0.416280357,3,0.229893611,0.516079449,0.333519678,0,0.485279725,0.750440134,Moderate
1.694785276,0.321119425,1.39223586,0.81651092,1.120814452,0.304192229,0.024128946,0.468176699,0.209207508,0.306616391,0.160658707,0.460804363,0.684605029,1.348329925,0.059114607,1.045776641,2.481580433,0.193147982,1,0.276073062,0,0.536980232,0.065480478,Moderate
1.399571818,0.279602945,1.979050627,1.347229375,0.872766977,0.144829966,0.194331612,0.152954157,0,0.237695467,0.179951604,0.211153969,0.323188888,0.373580098,0.140644246,0.725611532,1.040197014,0.245446602,0.033774505,0.959468822,0.216568173,0.221156977,0.704875459,Moderate
1.219447396,0.014692506,1.021396515,1.245937893,0.609976006,0,0,0.269117036,0.482937184,0.216851678,0.034938943,0.193411265,0.235430607,0.586609989,0.852561827,0.68701049,0.246940455,0.455466259,0.26296045,0.150220037,0,0.01466525,1.370759668,Safe
0.473417722,0.029541184,0.540722431,0.52310839,0.403647976,0.086075949,0.025603735,0.174848652,0.354125492,1,0.055892964,0.277918425,0.601367915,0.310548523,0,0.02297257,0.130729096,0.104486053,0.019887144,0.096567006,0,0.013586498,0.370075274,Safe
1.730769231,0.143742987,0.543627896,0.581894313,0.973960557,1.557692308,0,0.104170765,0.515101129,0.217152273,0.364743514,1,0.501222174,0.624434389,0.746961539,0.319441862,0,0.064644608,0.079976013,0.045687477,0,0.265384615,0.697973044,Safe
1.385869565,0.201868655,0.870592501,0.224363201,0,0,0,0.333648393,0.636707402,0.230829456,0.319526995,0.753623188,0.160536377,3,0.714504225,0.308110337,0,0.207050121,0.128077528,0.073166178,0,1,0.409498623,Safe
0,0.073391164,0,0.477328916,0,1.712686567,0,0,0.024845662,0.062787949,1,0,0,0,1.011895039,0.772521084,0,0,0,0,0,0,1.143766487,Safe
0.616532346,0.036525058,0.261689752,0,0.140652548,0.116641255,0.033043373,0.045130833,0.068522946,0.245190199,0.092911055,0.039642779,0.113400016,0.300588107,0.093182201,1.565439573,0,0.16492753,0.123195461,0.014661922,0,0.350185145,1.453415039,Safe
0.959134106,0.357768056,0.134255454,0.483074734,0.40233945,0.070565918,0.001541498,0.116066596,0.237027272,0.306555984,0.102476552,0.193083955,0.486205101,0.393958369,0.157810798,2,0.795738905,0.488202812,1,0.510456967,0,0.383547167,0.195832212,Safe
1.843188719,0.396371532,0.130358705,1.168079952,1.442128913,0.604424447,0,1.027803728,0.433855924,0.387609713,0.188626422,0.872906256,0.306414933,0.292015917,0.436278798,1.125044643,0,0.426277574,0,0.057026878,0,0.223320922,0.474285259,Moderate
1.266076968,0.185807416,0.107203885,1.620061295,2,0.485912145,0.002505753,0.460590438,0.270275381,0.245053822,0.307077975,0.489565634,0.212118548,0.300183644,0.222482038,0.610249509,0.457259357,0.341681919,0.00622128,0.569501174,0.055060907,0.227615137,0.914474931,Moderate
1.525472766,0.880427012,0.381556484,0.436958013,1.113307407,0.434853543,0.032290736,0.373072679,0.144727468,0.233305755,0.632530759,0.451396979,0.263014532,0.157190413,0.152175193,0.958174032,2.621378301,0.111075673,0.004199453,0.138936923,0.135152371,0.225283082,1.024133142,Moderate
1.257543389,0.411530751,0.072914118,1.170025167,0.29241974,0.126313897,0.005112822,0.301558535,0.336063701,0.165260383,0.143647104,0.074545575,0.162124196,0.379169537,0.148158505,1.329394889,0.458241985,0.552333477,0.157769597,0.105564208,0.064198912,0.260019005,1.147468727,Safe
0.902154077,0.137550766,0.259205567,0.534569663,0.287781054,0.061632771,0,0.27674934,0.499694528,0.745991421,0.18880835,0.460598266,0.389717208,3,0.204117135,0.377761165,0.073097246,0.160658363,0.180507309,0.037797461,0,0.39723007,0.546650054,Dangerous
0.591640613,0.034791193,0.051932788,0.226230388,0.463754148,0.190394362,0.008130055,0.407079707,0.198078719,0.258897322,0.115197251,0.375061916,0.107339375,0.692595452,0.062532254,0.522286087,0.061305915,0.106090384,0.03910899,0.355278685,0,0.246043273,1.645590646,Safe
1.133379237,0.450718496,0.147182299,0.767222874,0.559672581,0.292219659,0.121094954,0.385607242,0.447108713,0.654219692,0.212390313,0.473113013,0.274430168,0.098910711,0.080165511,0.334545136,1.058406394,0.149105938,0.418524497,0.326702113,0,0.12907262,0.738458031,Safe
0.588810706,0.019159961,0.062465064,0.746291439,0.525088969,0.007426336,0,0.025651107,0.376784841,0.11463538,0.32588038,0.341459537,0.237437086,0.09328513,0.225451835,0.558865106,0.070461823,0.441902238,0.224749173,0.120943043,0,0.204921549,1.647276243,Safe
0.447077068,0.703072657,0.176338557,0.71869114,1.558030952,0.06072478,0,0.131841498,0.335299485,0.204227488,0.504570682,0.262164935,0.236411648,0.531227291,0.245402111,0,0.113174846,0.931034722,0.741033432,0.084530292,0,0.081847102,1.547196826,Safe
3.159961658,0.697927894,0.345080641,1.390822805,0.930771806,0.916409557,0.046645692,0.628971615,0.186764298,0.379707956,0.523756906,0.438200004,0.239562014,0.204895146,0.112952732,0.814924976,1.983807625,0.169010634,0.010133536,0.133175694,0.307494838,0.251176807,0.717953746,Moderate
0.857404241,0.423634493,0.092042151,0.293858453,0.359379364,0.165299003,0.121185254,0.566419245,0.24167826,0.294447645,0.464622093,0.07656568,0.402431405,0.254696877,0.049244186,1.045360295,0.489200666,0.362149332,0.030540302,0.195376737,0.160174419,0.028393726,1.143055167,Safe
0.137452077,0,0.09088691,0.418091851,0.061573568,0.043838836,0.05948222,0.158033959,0.094484906,0,0.549766756,0.028900612,0.283471155,0.108584179,0.076683107,0.840040324,0.021969048,0.416917273,0.172697931,0.226229442,0,0.001967065,2,Safe
0.749776053,0.318109889,0.095401071,0.997461929,0.210312654,0.057770893,0.022523369,0.33009461,0.255386821,0.191362075,0.084313707,0.05192552,0.081099758,0.018449567,0.105932607,1.115681741,0.941818562,0.586611899,0.182101655,0.124502231,0.38071066,0.17943915,1.448530644,Safe
0.891512557,0.29736496,0.104713473,0.527785703,0.288740365,0.400966594,0.059352922,0.761284477,0.431477652,0.588627389,0.367457614,0.31019538,0.420294946,0.571759875,0.179663124,0.976911861,0.417107225,0.353793349,0.271175228,0.252227225,0,0.331114159,0.267152058,Safe
1.571235331,3,0.185208204,1.047102835,1.861649964,0.0330285,2,0.079858002,0.087576578,0.49430355,0.191423244,0.460766887,0.370628608,1.244652058,0.902423866,0.582921682,0.078344439,0.22562961,0,0.087773191,0,0.003237602,0.647126767,Moderate
4,0.635439027,0.162250454,3,1.119425024,1.890381125,0,0.839509059,0.285244361,0.567907984,0.025553539,0.687811368,0.570349306,1.574978046,0.362008469,0.443994619,0.091510854,0.513226002,0.01883151,0.05520533,2,0.170176845,0.403889505,Dangerous
0.925541881,0.416628967,0.654585393,2.688315803,0.116798877,0.058366675,0,0.120961662,1,0.947119893,0,0.401523582,0.343074487,0.366583409,0.306058942,0.312249816,0,0.755476719,0.028490285,0.035794465,0,0.105845242,0,Moderate
2.753353973,1.505091368,1.513388735,1.350202429,1.112878679,0.686980609,0,2,0.365312953,0.76899933,0.008125577,0.527914659,0.270949073,1.540970423,0.054170514,0.294317455,0,0.158786139,0,0.006687362,0,0.072151002,0.464432515,Dangerous
1.562484341,0.961336049,0.12401064,1.15373694,0.658906195,0.723291657,0.057289774,0.948396321,0.268076725,0.289979719,0.223457415,0.110960843,0.214874099,0.054469735,0.202490331,0.858022143,1.913152854,1,0.198965193,0.274204014,0,0.321176692,0.72404742,Moderate
1.564699474,1.048643504,0.47839922,0.873013965,0.69203912,0.085313763,0.171323731,0.248373133,0.38655137,0.276807626,0,0.265970931,0.9690149,0.554966695,0.06979522,0.91252401,1.033514137,0.154466325,0.046105699,0.235856485,0,0.534027037,0.552476201,Moderate
0.571827272,0.263800529,0.089963894,0.690961717,0.685759518,0.017968627,0.018168111,0.161147223,0.147580571,0.252227328,0.039902911,0.126330945,1,0.112855507,0.08377309,0.711515957,0.782418853,0.282302341,0.002819235,0.53427569,0,0.25546095,1.080984185,Safe
1.522700355,0.357759349,2,1.706763036,0.594772803,0,0,0.30798544,0.54560163,0.235623656,0.369127517,0.213565223,0.49234538,1.680071444,0.196868009,0.836454019,0,0.769420081,0,0.048606802,0,0.498205088,0.57358354,Moderate
0.630829508,0.505971532,0.021630141,0.223153256,0.364631416,0.055655915,0.002383434,0.39323468,0.136222339,0.113083432,0.137283997,0,0.190022416,0.475883343,0.10736956,0.720184138,0.198679407,0.145326128,0.124807239,0.068038787,0,0.4341828,1.770857847,Safe
1.820822901,0.406155819,0,2.245953684,0.940731122,0.201472145,0,0.316317977,0.212003951,0.14569538,0.265379976,0.314709321,0.161486811,0.517657719,0.293181688,1.595448246,1.303355522,0.968039982,0.080463085,0.876128604,0,0.012567678,0.516262332,Moderate
1.644714142,0.854290473,1.110236503,0.665303902,1.544120236,0.206432909,0.008352659,0.592251258,0.160116028,0.404965322,0.226477054,0.695378361,0.482224569,0.461829155,0.071704205,0.380348169,3,0.338307335,0.000797614,0.264295112,0,0.383886886,0.790794895,Moderate
1.315088698,0.759740202,0.917027581,0.934741632,1.268613649,0.157478264,0.004763188,0.748965549,0.21125118,0.532402786,0.402188284,0.462923874,0.559917654,0.989073288,0.056834587,0.628901423,2.384924716,0.25261486,0.425737208,0.253410183,0,0.413229362,0.333630092,Moderate
0.954718489,0.51828111,0.505694952,1.049130004,1.060752999,0.175167277,0.274048221,0.194843586,0.017220595,0.308621784,0.369890431,0.29605153,0.275715196,0.48249096,0.0846014,0.587984286,0.897905163,0.31530317,0.072460749,1,0,0.118193979,0.96607712,Moderate
1.144425488,0.186282117,0.375788146,1.042244641,0.670525708,0.134029905,0,0.046294911,0.676601063,0.210834898,0.122068096,0.099391343,0.381971732,0,0.221941992,0.665297182,0,0.361423683,0.1962704,0.04566465,0,0.039414646,1.360925891,Safe
0.439233401,0.339214967,0.252399774,0.48463493,0.580466016,0.180043559,0.023598085,0.704801462,0.436080806,1,0.163975155,0.227084902,0.681468925,0,0.074534161,0.019253721,0.142355959,0.113284182,0.175767846,0.094057318,0,0.010295064,0.555670953,Safe
2.439595193,0.096420299,0,0.683622829,0.85762401,2,0,0.197375615,0.320516513,0.39865385,0.47311828,1,0.458019531,1.794484912,0.394265233,0.4129197,0,0.102727233,0,0.058406561,0,0.336084021,0.825870754,Dangerous
1.736344538,0.058993606,0,0.283825549,0.474756148,1.897959184,0,0.983353511,0.75003986,0.459999686,0.746428571,0.474072999,0.422577544,2.980126728,0,0.282198857,0,0,0,0.064664406,0,1,0.012118525,Dangerous
0,0.808422826,0,0,0,0,0,0,0,0.160266375,1,0.838019248,0,0,2,0.419980579,0,0,0,0,0,0,1.836936875,Safe
0.475550881,0.082764284,0.409903714,0.102026241,0.097519832,0.121831401,0.095809738,0.092579209,0.080760382,0.339665556,0.2521779,0.032335715,0.117182439,0.306074455,0.06724744,1.340014679,0.057797433,0.153313684,0.190300997,0.016603424,0,0.290201849,1.326858101,Safe
0.959134106,0.357768056,0.134255454,0.483074734,0.40233945,0.070565918,0.001541498,0.116066596,0.237027272,0.306555984,0.102476552,0.193083955,0.486205101,0.393958369,0.157810798,2,0.795738905,0.488202812,1,0.510456967,0,0.383547167,0.195832212,Safe
1.843188719,0.396371532,0.130358705,1.168079952,1.442128913,0.604424447,0,1.027803728,0.433855924,0.387609713,0.188626422,0.872906256,0.306414933,0.292015917,0.436278798,1.125044643,0,0.426277574,0,0.057026878,0,0.223320922,0.474285259,Moderate
1.266076968,0.185807416,0.107203885,1.620061295,2,0.485912145,0.002505753,0.460590438,0.270275381,0.245053822,0.307077975,0.489565634,0.212118548,0.300183644,0.222482038,0.610249509,0.457259357,0.341681919,0.00622128,0.569501174,0.055060907,0.227615137,0.914474931,Moderate
1.525472766,0.880427012,0.381556484,0.436958013,1.113307407,0.434853543,0.032290736,0.373072679,0.144727468,0.233305755,0.632530759,0.451396979,0.263014532,0.157190413,0.152175193,0.958174032,2.621378301,0.111075673,0.004199453,0.138936923,0.135152371,0.225283082,1.024133142,Moderate
1.257543389,0.411530751,0.072914118,1.170025167,0.29241974,0.126313897,0.005112822,0.301558535,0.336063701,0.165260383,0.143647104,0.074545575,0.162124196,0.379169537,0.148158505,1.329394889,0.458241985,0.552333477,0.157769597,0.105564208,0.064198912,0.260019005,1.147468727,Safe
0.902154077,0.137550766,0.259205567,0.534569663,0.287781054,0.061632771,0,0.27674934,0.499694528,0.745991421,0.18880835,0.460598266,0.389717208,3,0.204117135,0.377761165,0.073097246,0.160658363,0.180507309,0.037797461,0,0.39723007,0.546650054,Dangerous
0.591640613,0.034791193,0.051932788,0.226230388,0.463754148,0.190394362,0.008130055,0.407079707,0.198078719,0.258897322,0.115197251,0.375061916,0.107339375,0.692595452,0.062532254,0.522286087,0.061305915,0.106090384,0.03910899,0.355278685,0,0.246043273,1.645590646,Safe
1.133379237,0.450718496,0.147182299,0.767222874,0.559672581,0.292219659,0.121094954,0.385607242,0.447108713,0.654219692,0.212390313,0.473113013,0.274430168,0.098910711,0.080165511,0.334545136,1.058406394,0.149105938,0.418524497,0.326702113,0,0.12907262,0.738458031,Safe
0.588810706,0.019159961,0.062465064,0.746291439,0.525088969,0.007426336,0,0.025651107,0.376784841,0.11463538,0.32588038,0.341459537,0.237437086,0.09328513,0.225451835,0.558865106,0.070461823,0.441902238,0.224749173,0.120943043,0,0.204921549,1.647276243,Safe
0.447077068,0.703072657,0.176338557,0.71869114,1.558030952,0.06072478,0,0.131841498,0.335299485,0.204227488,0.504570682,0.262164935,0.236411648,0.531227291,0.245402111,0,0.113174846,0.931034722,0.741033432,0.084530292,0,0.081847102,1.547196826,Safe
3.159961658,0.697927894,0.345080641,1.390822805,0.930771806,0.916409557,0.046645692,0.628971615,0.186764298,0.379707956,0.523756906,0.438200004,0.239562014,0.204895146,0.112952732,0.814924976,1.983807625,0.169010634,0.010133536,0.133175694,0.307494838,0.251176807,0.717953746,Moderate
0.857404241,0.423634493,0.092042151,0.293858453,0.359379364,0.165299003,0.121185254,0.566419245,0.24167826,0.294447645,0.464622093,0.07656568,0.402431405,0.254696877,0.049244186,1.045360295,0.489200666,0.362149332,0.030540302,0.195376737,0.160174419,0.028393726,1.143055167,Safe
0.137452077,0,0.09088691,0.418091851,0.061573568,0.043838836,0.05948222,0.158033959,0.094484906,0,0.549766756,0.028900612,0.283471155,0.108584179,0.076683107,0.840040324,0.021969048,0.416917273,0.172697931,0.226229442,0,0.001967065,2,Safe
0.749776053,0.318109889,0.095401071,0.997461929,0.210312654,0.057770893,0.022523369,0.33009461,0.255386821,0.191362075,0.084313707,0.05192552,0.081099758,0.018449567,0.105932607,1.115681741,0.941818562,0.586611899,0.182101655,0.124502231,0.38071066,0.17943915,1.448530644,Safe
0.891512557,0.29736496,0.104713473,0.527785703,0.288740365,0.400966594,0.059352922,0.761284477,0.431477652,0.588627389,0.367457614,0.31019538,0.420294946,0.571759875,0.179663124,0.976911861,0.417107225,0.353793349,0.271175228,0.252227225,0,0.331114159,0.267152058,Safe
1.571235331,3,0.185208204,1.047102835,1.861649964,0.0330285,2,0.079858002,0.087576578,0.49430355,0.191423244,0.460766887,0.370628608,1.244652058,0.902423866,0.582921682,0.078344439,0.22562961,0,0.087773191,0,0.003237602,0.647126767,Moderate
4,0.635439027,0.162250454,3,1.119425024,1.890381125,0,0.839509059,0.285244361,0.567907984,0.025553539,0.687811368,0.570349306,1.574978046,0.362008469,0.443994619,0.091510854,0.513226002,0.01883151,0.05520533,2,0.170176845,0.403889505,Dangerous
0.925541881,0.416628967,0.654585393,2.688315803,0.116798877,0.058366675,0,0.120961662,1,0.947119893,0,0.401523582,0.343074487,0.366583409,0.306058942,0.312249816,0,0.755476719,0.028490285,0.035794465,0,0.105845242,0,Moderate
2.753353973,1.505091368,1.513388735,1.350202429,1.112878679,0.686980609,0,2,0.365312953,0.76899933,0.008125577,0.527914659,0.270949073,1.540970423,0.054170514,0.294317455,0,0.158786139,0,0.006687362,0,0.072151002,0.464432515,Dangerous
1.562484341,0.961336049,0.12401064,1.15373694,0.658906195,0.723291657,0.057289774,0.948396321,0.268076725,0.289979719,0.223457415,0.110960843,0.214874099,0.054469735,0.202490331,0.858022143,1.913152854,1,0.198965193,0.274204014,0,0.321176692,0.72404742,Moderate
1.564699474,1.048643504,0.47839922,0.873013965,0.69203912,0.085313763,0.171323731,0.248373133,0.38655137,0.276807626,0,0.265970931,0.9690149,0.554966695,0.06979522,0.91252401,1.033514137,0.154466325,0.046105699,0.235856485,0,0.534027037,0.552476201,Moderate
0.571827272,0.263800529,0.089963894,0.690961717,0.685759518,0.017968627,0.018168111,0.161147223,0.147580571,0.252227328,0.039902911,0.126330945,1,0.112855507,0.08377309,0.711515957,0.782418853,0.282302341,0.002819235,0.53427569,0,0.25546095,1.080984185,Safe
1.522700355,0.357759349,2,1.706763036,0.594772803,0,0,0.30798544,0.54560163,0.235623656,0.369127517,0.213565223,0.49234538,1.680071444,0.196868009,0.836454019,0,0.769420081,0,0.048606802,0,0.498205088,0.57358354,Moderate
0.630829508,0.505971532,0.021630141,0.223153256,0.364631416,0.055655915,0.002383434,0.39323468,0.136222339,0.113083432,0.137283997,0,0.190022416,0.475883343,0.10736956,0.720184138,0.198679407,0.145326128,0.124807239,0.068038787,0,0.4341828,1.770857847,Safe
1.820822901,0.406155819,0,2.245953684,0.940731122,0.201472145,0,0.316317977,0.212003951,0.14569538,0.265379976,0.314709321,0.161486811,0.517657719,0.293181688,1.595448246,1.303355522,0.968039982,0.080463085,0.876128604,0,0.012567678,0.516262332,Moderate
1.644714142,0.854290473,1.110236503,0.665303902,1.544120236,0.206432909,0.008352659,0.592251258,0.160116028,0.404965322,0.226477054,0.695378361,0.482224569,0.461829155,0.071704205,0.380348169,3,0.338307335,0.000797614,0.264295112,0,0.383886886,0.790794895,Moderate
1.315088698,0.759740202,0.917027581,0.934741632,1.268613649,0.157478264,0.004763188,0.748965549,0.21125118,0.532402786,0.402188284,0.462923874,0.559917654,0.989073288,0.056834587,0.628901423,2.384924716,0.25261486,0.425737208,0.253410183,0,0.413229362,0.333630092,Moderate
0.954718489,0.51828111,0.505694952,1.049130004,1.060752999,0.175167277,0.274048221,0.194843586,0.017220595,0.308621784,0.369890431,0.29605153,0.275715196,0.48249096,0.0846014,0.587984286,0.897905163,0.31530317,0.072460749,1,0,0.118193979,0.96607712,Moderate
1.144425488,0.186282117,0.375788146,1.042244641,0.670525708,0.134029905,0,0.046294911,0.676601063,0.210834898,0.122068096,0.099391343,0.381971732,0,0.221941992,0.665297182,0,0.361423683,0.1962704,0.04566465,0,0.039414646,1.360925891,Safe
0.439233401,0.339214967,0.252399774,0.48463493,0.580466016,0.180043559,0.023598085,0.704801462,0.436080806,1,0.163975155,0.227084902,0.681468925,0,0.074534161,0.019253721,0.142355959,0.113284182,0.175767846,0.094057318,0,0.010295064,0.555670953,Safe
2.439595193,0.096420299,0,0.683622829,0.85762401,2,0,0.197375615,0.320516513,0.39865385,0.47311828,1,0.458019531,1.794484912,0.394265233,0.4129197,0,0.102727233,0,0.058406561,0,0.336084021,0.825870754,Dangerous
1.736344538,0.058993606,0,0.283825549,0.474756148,1.897959184,0,0.983353511,0.75003986,0.459999686,0.746428571,0.474072999,0.422577544,2.980126728,0,0.282198857,0,0,0,0.064664406,0,1,0.012118525,Dangerous
0,0.808422826,0,0,0,0,0,0,0,0.160266375,1,0.838019248,0,0,2,0.419980579,0,0,0,0,0,0,1.836936875,Safe
0.475550881,0.082764284,0.409903714,0.102026241,0.097519832,0.121831401,0.095809738,0.092579209,0.080760382,0.339665556,0.2521779,0.032335715,0.117182439,0.306074455,0.06724744,1.340014679,0.057797433,0.153313684,0.190300997,0.016603424,0,0.290201849,1.326858101,Safe
